item_id,new_column
1,i_Animation|i_Children's|i_Comedy
2,i_Adventure|i_Children's|i_Fantasy
3,i_Comedy|i_Romance
4,i_Comedy|i_Drama
5,i_Comedy
6,i_Action|i_Crime|i_Thriller
7,i_Comedy|i_Romance
8,i_Adventure|i_Children's
9,i_Action
10,i_Action|i_Adventure|i_Thriller
11,i_Comedy|i_Drama|i_Romance
12,i_Comedy|i_Horror
13,i_Animation|i_Children's
14,i_Drama
15,i_Action|i_Adventure|i_Romance
16,i_Drama|i_Thriller
17,i_Drama|i_Romance
18,i_Thriller
19,i_Comedy
20,i_Action
21,i_Action|i_Comedy|i_Drama
22,i_Crime|i_Drama|i_Thriller
23,i_Thriller
24,i_Drama|i_Sci-Fi
25,i_Drama|i_Romance
26,i_Drama
27,i_Drama
28,i_Romance
29,i_Adventure|i_Sci-Fi
30,i_Drama
31,i_Drama
32,i_Drama|i_Sci-Fi
33,i_Adventure|i_Romance
34,i_Children's|i_Comedy|i_Drama
35,i_Drama|i_Romance
36,i_Drama
37,i_Documentary
38,i_Comedy
39,i_Comedy|i_Romance
40,i_Drama
41,i_Drama|i_War
42,i_Action|i_Crime|i_Drama
43,i_Drama
44,i_Action|i_Adventure
45,i_Comedy|i_Drama
46,i_Drama|i_Romance
47,i_Crime|i_Thriller
48,i_Animation|i_Children's|i_Musical|i_Romance
49,i_Drama|i_Romance
50,i_Crime|i_Thriller
51,i_Comedy
52,i_Drama
53,i_Children's|i_Comedy
54,i_Drama
55,i_Adventure|i_Children's|i_Fantasy
56,i_Drama
57,i_Drama|i_Romance
58,i_Drama|i_Mystery
59,i_Adventure|i_Children's|i_Fantasy
60,i_Drama|i_Thriller
61,i_Drama
62,i_Comedy
63,i_Comedy|i_Romance
64,i_Comedy
65,i_Sci-Fi|i_Thriller
66,i_Drama
67,i_Comedy|i_Romance
68,i_Comedy
69,i_Action|i_Comedy|i_Crime|i_Horror|i_Thriller
70,i_Action
71,i_Comedy|i_Drama
72,i_Drama|i_Musical
73,i_Drama|i_Romance
74,i_Comedy|i_Drama
75,i_Sci-Fi|i_Thriller
76,i_Documentary
77,i_Drama
78,i_Drama|i_Thriller
79,i_Drama
80,i_Crime|i_Drama|i_Romance
81,i_Drama
82,i_Drama
83,i_Comedy|i_Drama
84,i_Drama|i_Romance
85,i_Adventure|i_Drama
86,i_Children's|i_Comedy
87,i_Comedy
88,i_Action|i_Thriller
89,i_Drama
90,i_Drama|i_Thriller
91,i_Comedy|i_Romance
92,i_Drama
93,i_Action|i_Thriller
94,i_Comedy
95,i_Drama
96,i_Action|i_Thriller
97,i_Documentary
98,i_Drama|i_Thriller
99,i_Comedy
100,i_Comedy
101,i_Thriller
102,i_Comedy
103,i_Drama|i_Romance
104,i_Comedy|i_Drama
105,i_Adventure|i_Children's|i_Comedy|i_Musical
106,i_Documentary
107,i_Action|i_Drama|i_War
108,i_Drama|i_Thriller
109,i_Action|i_Adventure|i_Crime
110,i_Drama|i_Mystery
111,i_Drama
112,i_Documentary
113,i_Crime
114,i_Comedy|i_Romance
115,i_Comedy
116,i_Drama
117,i_Drama
118,i_Comedy|i_Romance
119,i_Drama|i_Mystery|i_Romance
120,i_Drama
121,i_Comedy
122,i_Adventure|i_Children's|i_Fantasy
123,i_Drama
124,i_Documentary
125,i_Comedy|i_Romance
126,i_Drama
127,i_Drama|i_Romance
128,i_Thriller
129,i_Comedy|i_Drama
130,i_Documentary
131,i_Comedy
132,i_Documentary
133,i_Documentary
134,i_Drama
135,i_Action|i_Drama
136,i_Drama|i_Romance
137,i_Comedy
138,i_Drama
139,i_Comedy
140,i_Action
141,i_Adventure|i_Children's
142,i_Drama
143,i_Drama
144,i_Crime|i_Drama|i_Thriller
145,i_Drama
146,i_Drama|i_Romance|i_War
147,i_Horror
148,i_Action|i_Adventure|i_Comedy|i_Crime
149,i_Drama
150,i_Drama|i_War
151,i_Comedy
152,i_Comedy|i_War
153,i_Adventure|i_Children's
154,i_Drama
155,i_Action|i_Adventure|i_Mystery|i_Sci-Fi
156,i_Drama|i_Thriller|i_War
157,i_Documentary
158,i_Action|i_Romance|i_Thriller
159,i_Crime|i_Film-Noir|i_Mystery|i_Thriller
160,i_Action|i_Thriller
161,i_Comedy|i_Drama
162,i_Drama
163,i_Action|i_Adventure|i_Drama|i_Romance
164,i_Adventure|i_Children's|i_Drama
165,i_Action|i_Crime|i_Thriller
166,i_Comedy
167,i_Action|i_Sci-Fi|i_Thriller
168,i_Action|i_Adventure|i_Sci-Fi
169,i_Comedy
170,i_Drama
171,i_Comedy
172,i_Horror
173,i_Comedy
174,i_Drama|i_Romance
175,i_Comedy
176,i_Action|i_Children's
177,i_Drama|i_Romance
178,i_Thriller
179,i_Drama
180,i_Sci-Fi|i_Thriller
181,i_Comedy
182,i_Comedy
183,i_Horror
184,i_Comedy
185,i_Thriller
186,i_Drama
187,i_Documentary
188,i_Drama
189,i_Drama
190,i_Comedy|i_Drama|i_Romance
191,i_Horror|i_Sci-Fi
192,i_Drama
193,i_Action|i_Crime|i_Sci-Fi
194,i_Drama|i_Musical
195,i_Thriller
196,i_Drama
197,i_Drama|i_Romance
198,i_Comedy
199,i_Action
200,i_Comedy|i_Drama
201,i_Documentary
202,i_Drama|i_Romance
203,i_Action|i_Adventure
204,i_Drama
205,i_Western
206,i_Drama
207,i_Comedy
208,i_Drama
209,i_Drama
210,i_Drama|i_Romance
211,i_Comedy
212,i_Drama|i_Thriller
213,i_Comedy|i_Drama
214,i_Drama
215,i_Horror
216,i_Drama|i_Romance
217,i_Comedy
218,i_Comedy|i_Drama|i_Romance
219,i_Drama|i_Thriller
220,i_Thriller
221,i_Action
222,i_Comedy
223,i_Drama|i_Thriller
224,i_Drama|i_Thriller
225,i_Comedy
226,i_Comedy|i_Drama
227,i_Drama
228,i_Comedy
229,i_Comedy|i_Drama
230,i_Comedy|i_Romance
231,i_Comedy|i_Romance
232,i_Adventure|i_Children's
233,i_Animation|i_Children's|i_Comedy|i_Romance
234,i_Thriller
235,i_Children's|i_Drama
236,i_Drama|i_Musical
237,i_Comedy
238,i_Animation|i_Children's
239,i_Crime|i_Drama
240,i_Documentary
241,i_Drama|i_Fantasy|i_Romance|i_Thriller
242,i_Comedy
243,i_Drama|i_Romance
244,i_Children's|i_Comedy
245,i_Action
246,i_Comedy|i_Romance
247,i_Drama|i_Horror
248,i_Drama
249,i_Comedy
250,i_Comedy|i_Sci-Fi
251,i_Mystery|i_Thriller
252,i_Adventure|i_Children's|i_Comedy|i_Fantasy|i_Romance
253,i_Crime|i_Drama|i_Thriller
254,i_Action|i_Adventure|i_Fantasy|i_Sci-Fi
255,i_Drama
256,i_Children's|i_Drama
257,i_Drama
258,i_Drama
259,i_Drama|i_Romance
260,i_Drama|i_Romance|i_War|i_Western
261,i_Comedy
262,i_Drama
263,i_Drama
264,i_Drama|i_Romance
265,i_Drama
266,i_Drama
267,i_Drama|i_Horror
268,i_Comedy
269,i_Comedy
270,i_Comedy|i_Romance
271,i_Drama
272,i_Comedy
273,i_Drama
274,i_Drama|i_Thriller
275,i_Drama
276,i_Drama
277,i_Crime|i_Drama
278,i_Action|i_Sci-Fi|i_Thriller
279,i_Comedy|i_Romance
280,i_Action|i_Thriller
281,i_Comedy|i_Romance
282,i_Crime|i_Drama
283,i_Thriller
284,i_Action|i_Drama|i_Thriller
285,i_Crime|i_Drama|i_Romance|i_Thriller
286,i_Comedy|i_Romance
287,i_Comedy|i_Romance
288,i_Crime|i_Drama
289,i_Drama
290,i_Comedy
291,i_Drama
292,i_Drama
293,i_Drama|i_Romance
294,i_Drama|i_Romance
295,i_Action|i_Adventure|i_Western
296,i_Comedy|i_Drama
297,i_Comedy
298,i_Drama
299,i_Drama
300,i_Drama
301,i_Drama
302,i_Comedy
303,i_Horror|i_Thriller
304,i_Comedy
305,i_Animation|i_Children's
306,i_Drama
307,i_Action
308,i_Action|i_Adventure|i_Sci-Fi
309,i_Children's|i_Comedy|i_Fantasy
310,i_Drama
311,i_Thriller
312,i_Film-Noir|i_Thriller
313,i_Drama
314,i_Comedy|i_Drama
315,i_Comedy
316,i_Comedy
317,i_Drama
318,i_Action|i_Comedy|i_Musical|i_Sci-Fi
319,i_Horror
320,i_Action|i_Adventure|i_Sci-Fi
321,i_Comedy|i_Horror
322,i_Drama
323,i_Horror|i_Sci-Fi
324,i_Comedy
325,i_Drama
326,i_Mystery|i_Thriller
327,i_Drama|i_War
328,i_Drama
329,i_Sci-Fi|i_Thriller
330,i_Comedy|i_Romance
331,i_Adventure|i_Drama
332,i_Drama
333,i_Comedy|i_Romance
334,i_Children's
335,i_Comedy
336,i_Comedy|i_Drama
337,i_Drama|i_Musical
338,i_Drama
339,i_Comedy
340,i_Action|i_Adventure|i_Thriller
341,i_Drama|i_Mystery|i_Thriller
342,i_Comedy|i_Drama|i_Romance
343,i_Comedy
344,i_Action|i_Romance|i_Thriller
345,i_Drama
346,i_Children's|i_Comedy
347,i_Comedy|i_Romance|i_War
348,i_Comedy|i_Romance
349,i_Drama
350,i_Comedy|i_Drama|i_Romance
351,i_Action|i_Comedy
352,i_Drama|i_Romance
353,i_Adventure|i_Children's|i_Romance
354,i_Documentary
355,i_Animation|i_Children's|i_Musical
356,i_Drama
357,i_Horror
358,i_Comedy|i_Crime|i_Fantasy
359,i_Action|i_Comedy|i_Western
360,i_Drama
361,i_Comedy
362,i_Comedy|i_Drama
363,i_Comedy|i_Drama
364,i_Thriller
365,i_Children's|i_Comedy
366,i_Drama
367,i_Action|i_Thriller
368,i_Action|i_Romance|i_Thriller
369,i_Comedy|i_Romance
370,i_Action|i_Sci-Fi
371,i_Action|i_Adventure|i_Comedy|i_Romance
372,i_Drama
373,i_Drama|i_Horror
374,i_Western
375,i_Action
376,i_Drama
377,i_Drama
378,i_Action|i_Comedy
379,i_Drama
380,i_Drama|i_Romance|i_War
381,i_Action|i_Comedy|i_Drama
382,i_Crime|i_Drama
383,i_Adventure|i_Children's
384,i_Action
385,i_Action
386,i_Drama
387,i_Horror
388,i_Documentary
389,i_Action|i_Thriller
390,i_Comedy
391,i_Documentary
392,i_Action|i_Sci-Fi
393,i_Drama
394,i_Horror|i_Thriller
395,i_Drama
396,i_Drama
397,i_Comedy
398,i_Comedy
399,i_Drama
400,i_Comedy
401,i_Comedy
402,i_Comedy|i_Thriller
403,i_Western
404,i_Comedy|i_Romance
405,i_Drama
406,i_Comedy
407,i_Action|i_Comedy
408,i_Adventure|i_Children's
409,i_Thriller
410,i_Action|i_Thriller
411,i_Drama
412,i_Drama|i_Romance
413,i_Horror|i_Sci-Fi|i_Thriller
414,i_Mystery|i_Romance|i_Thriller
415,i_Drama
416,i_Comedy
417,i_Drama
418,i_Crime|i_Drama
419,i_Comedy|i_Western
420,i_Comedy
421,i_Action|i_Adventure|i_Crime
422,i_Comedy|i_Sci-Fi
423,i_Drama|i_Thriller
424,i_Comedy
425,i_Action|i_Comedy
426,i_Drama
427,i_Comedy|i_Romance
428,i_Comedy
429,i_Action|i_Sci-Fi
430,i_Documentary
431,i_Comedy|i_Romance
432,i_Comedy
433,i_Drama|i_Romance
434,i_Comedy|i_Romance
435,i_Drama
436,i_Comedy
437,i_Comedy|i_Drama
438,i_Drama|i_Mystery|i_Romance
439,i_Drama
440,i_Comedy
441,i_Drama|i_Thriller
442,i_Adventure|i_Children's|i_Drama
443,i_Drama
444,i_Action|i_Thriller
445,i_Drama|i_Western
446,i_Action
447,i_Comedy
448,i_Drama|i_Romance
449,i_Action|i_Adventure
450,i_Crime|i_Drama|i_Thriller
451,i_Action|i_Adventure|i_Crime|i_Thriller
452,i_Action|i_Drama|i_War
453,i_Action|i_Comedy|i_War
454,i_Comedy
455,i_Comedy|i_Romance
456,i_Drama|i_Romance
457,i_Comedy
458,i_Comedy|i_Romance
459,i_Comedy|i_Drama
460,i_Comedy|i_War
461,i_Action|i_Thriller
462,i_Drama
463,i_Comedy|i_Drama
464,i_Drama
465,i_Comedy
466,i_Action
467,i_Action|i_Adventure|i_Sci-Fi
468,i_Drama|i_Thriller
469,i_Thriller
470,i_Drama
471,i_Adventure|i_Children's
472,i_Action|i_Comedy
473,i_Comedy
474,i_Comedy|i_Western
475,i_Drama
476,i_Comedy
477,i_Thriller
478,i_Drama
479,i_Comedy|i_Mystery
480,i_Action|i_Crime|i_Drama
481,i_Action|i_Thriller
482,i_Drama
483,i_Comedy|i_Drama|i_Romance
484,i_Comedy|i_Romance
485,i_Drama|i_Romance
486,i_Comedy|i_Romance
487,i_Comedy
488,i_Drama
489,i_Action|i_Children's
490,i_Drama
491,i_Action|i_Sci-Fi
492,i_Comedy
493,i_Drama
494,i_Action|i_Drama
495,i_Drama
496,i_Drama|i_Romance
497,i_Drama
498,i_Action|i_Drama
499,i_Horror|i_Sci-Fi
500,i_Comedy|i_Mystery|i_Romance
501,i_Comedy
502,i_Drama
503,i_Comedy|i_Drama|i_War
504,i_Action|i_Drama|i_Mystery
505,i_Comedy
506,i_Sci-Fi|i_Thriller
507,i_Comedy
508,i_Crime|i_Thriller
509,i_Action|i_Drama
510,i_Drama
511,i_Drama
512,i_Drama
513,i_Drama
514,i_Drama|i_War
515,i_Drama
516,i_Drama
517,i_Drama
518,i_Children's|i_Drama
519,i_Comedy|i_Crime|i_Horror
520,i_Action
521,i_Drama|i_Romance
522,i_Drama
523,i_Drama
524,i_Comedy|i_Drama
525,i_Drama
526,i_Comedy|i_Romance
527,i_Thriller
528,i_Film-Noir|i_Sci-Fi
529,i_Comedy
530,i_Comedy|i_Romance|i_Thriller
531,i_Action
532,i_Drama
533,i_Action|i_Adventure|i_Children's|i_Sci-Fi
534,i_Action|i_Adventure|i_Thriller
535,i_Action
536,i_Documentary
537,i_Comedy|i_Romance
538,i_Children's|i_Comedy|i_Musical
539,i_Action|i_Adventure|i_Comedy
540,i_Western
541,i_Thriller
542,i_Action|i_Crime|i_Romance
543,i_Documentary
544,i_Drama
545,i_Action|i_Adventure|i_Animation|i_Children's|i_Fantasy
546,i_Comedy
547,i_Drama
548,i_Thriller
549,i_Comedy|i_Drama
550,i_Drama
551,i_Comedy
552,i_Horror
553,i_Comedy|i_Romance
554,i_Drama
555,i_Comedy|i_Drama
556,i_Children's|i_Comedy
557,i_Comedy|i_Drama
558,i_Drama
559,i_Drama
560,i_Drama
561,i_Comedy|i_Drama
562,i_Children's|i_Comedy
563,i_Comedy
564,i_Adventure|i_Children's
565,i_Drama|i_Mystery
566,i_Thriller
567,i_Drama
568,i_Documentary
569,i_Comedy
570,i_Comedy|i_Drama
571,i_Drama
572,i_Comedy
573,i_Children's|i_Comedy
574,i_Comedy|i_Romance|i_Thriller
575,i_Animation|i_Children's|i_Comedy|i_Musical
576,i_Action|i_Sci-Fi|i_Thriller
577,i_Adventure|i_Drama|i_Western
578,i_Action|i_Drama|i_Thriller
579,i_Action|i_Adventure|i_Crime|i_Drama
580,i_Drama|i_Thriller
581,i_Animation|i_Children's|i_Musical|i_year
582,i_Animation|i_Children's|i_Musical
583,i_Animation|i_Children's
584,i_Comedy|i_Romance
585,i_Comedy
586,i_Western
587,i_Thriller
588,i_Drama
589,i_Documentary
590,i_Comedy
591,i_Drama|i_Romance
592,i_Horror
593,i_Drama
594,i_Crime|i_Drama|i_Thriller
595,i_Adventure|i_Children's
596,i_Action|i_Adventure|i_Animation|i_Horror|i_Sci-Fi
597,i_Action|i_Horror|i_Sci-Fi
598,i_Comedy
599,i_Drama|i_Romance
600,i_Drama|i_Thriller
601,i_Drama
602,i_Animation|i_Children's
603,i_Drama
604,i_Comedy|i_Romance
605,i_Comedy
606,i_Drama
607,i_Romance
608,i_Action|i_Drama|i_Thriller
609,i_Comedy
610,i_Drama|i_Thriller
611,i_Drama|i_Thriller
612,i_Drama|i_Romance
613,i_Animation|i_Children's|i_Musical
614,i_War
615,i_Comedy
616,i_Comedy
617,i_Comedy|i_Drama
618,i_Comedy
619,i_Romance
620,i_Comedy
621,i_Drama|i_Thriller
622,i_Comedy
623,i_Drama
624,i_Comedy
625,i_Comedy
626,i_Drama
627,i_Drama|i_War
628,i_Action|i_Adventure|i_Mystery
629,i_Comedy|i_Drama
630,i_Drama
631,i_Comedy
632,i_Mystery
633,i_Action|i_Adventure|i_Fantasy
634,i_Comedy
635,i_Comedy
636,i_Comedy|i_Drama
637,i_Drama
638,i_Crime|i_Thriller
639,i_Drama
640,i_Animation|i_Children's|i_Musical
641,i_Thriller
642,i_Comedy
643,i_Comedy
644,i_War
645,i_Drama
646,i_Action
647,i_Drama
648,i_Drama
649,i_Drama
650,i_Comedy|i_Sci-Fi
651,i_Drama
652,i_Adventure|i_Animation|i_Children's|i_Comedy|i_Fantasy
653,i_Adventure|i_Sci-Fi
654,i_Drama|i_Thriller
655,i_Drama
656,i_Sci-Fi
657,i_Crime
658,i_Documentary|i_Drama
659,i_Drama
660,i_Drama
661,i_Drama|i_Romance
662,i_Action|i_Adventure|i_Comedy|i_War
663,i_Romance
664,i_Comedy|i_Romance
665,i_Action|i_Sci-Fi|i_Thriller
666,i_Action
667,i_Mystery|i_Thriller
668,i_Thriller
669,i_Drama|i_Romance
670,i_Drama
671,i_Comedy
672,i_Drama
673,i_Drama
674,i_Drama
675,i_Action|i_Adventure
676,i_Comedy
677,i_Drama
678,i_Crime|i_Film-Noir|i_Thriller
679,i_Comedy|i_Romance
680,i_Animation|i_Children's
681,i_Comedy
682,i_Adventure|i_Children's
683,i_Drama
684,i_Western
685,i_Drama
686,i_Crime
687,i_Comedy
688,i_Comedy|i_Sci-Fi
689,i_Comedy
690,i_Animation
691,i_Documentary
692,i_Drama|i_Horror
693,i_Comedy
694,i_Drama
695,i_Comedy
696,i_Drama
697,i_Drama
698,i_Mystery|i_Thriller
699,i_Crime
700,i_Action|i_Adventure|i_Thriller
701,i_Comedy
702,i_Comedy|i_Horror
703,i_Action|i_Adventure|i_Romance|i_Thriller
704,i_Action|i_Sci-Fi
705,i_Animation|i_Sci-Fi
706,i_Horror|i_Thriller
707,i_Comedy
708,i_Drama
709,i_Animation|i_Comedy|i_Thriller
710,i_Film-Noir
711,i_Comedy
712,i_Action|i_Sci-Fi|i_Thriller
713,i_Drama
714,i_Sci-Fi|i_War
715,i_Comedy
716,i_Comedy|i_Drama
717,i_Adventure|i_Children's
718,i_Children's|i_Drama
719,i_Documentary
720,i_Drama
721,i_Drama
722,i_Documentary
723,i_War
724,i_Adventure
725,i_Comedy|i_Crime
726,i_Drama
727,i_Drama|i_Romance
728,i_Comedy|i_Drama
729,i_Drama
730,i_Drama
731,i_Documentary
732,i_Comedy|i_Drama
733,i_Drama
734,i_Horror
735,i_Comedy|i_Drama
736,i_Drama
737,i_Drama|i_Romance
738,i_Action|i_Sci-Fi|i_War
739,i_Drama
740,i_Thriller
741,i_Animation|i_Children's|i_Musical
742,i_Comedy
743,i_Comedy
744,i_Action|i_Thriller
745,i_Documentary
746,i_Comedy|i_Fantasy|i_Romance|i_Sci-Fi
747,i_Drama
748,i_Drama
749,i_Documentary
750,i_Fantasy
751,i_Drama
752,i_Drama
753,i_Action|i_Adventure|i_Thriller
754,i_Comedy|i_Horror
755,i_Drama|i_Mystery
756,i_Children's|i_Comedy
757,i_Drama|i_Romance
758,i_Romance
759,i_Comedy|i_Romance
760,i_Drama
761,i_Drama
762,i_Comedy|i_Romance
763,i_Adventure|i_Children's
764,i_Action|i_Adventure
765,i_Children's|i_Comedy|i_Fantasy
766,i_Comedy
767,i_Comedy
768,i_Drama
769,i_Action|i_Mystery|i_Thriller
770,i_Comedy
771,i_Drama
772,i_Romance
773,i_Drama
774,i_Drama
775,i_Drama
776,i_Drama
777,i_Adventure|i_Children's
778,i_Comedy|i_Musical
779,i_Comedy
780,i_Drama
781,i_Drama|i_Thriller
782,i_Comedy
783,i_Comedy
784,i_Drama
785,i_Action|i_Adventure|i_Thriller
786,i_Children's|i_Comedy
787,i_Comedy|i_Drama|i_Romance
788,i_Action|i_Thriller
789,i_Comedy
790,i_Horror
791,i_Horror
792,i_Drama
793,i_Drama
794,i_Drama
795,i_Comedy|i_Drama
796,i_Drama
797,i_Action|i_Adventure|i_Sci-Fi|i_Thriller
798,i_Crime|i_Drama
799,i_Drama
800,i_Comedy|i_Romance
801,i_Drama
802,i_Drama
803,i_Action|i_Crime|i_Drama
804,i_Documentary
805,i_Comedy
806,i_Action|i_Thriller
807,i_Drama
808,i_Comedy
809,i_Comedy|i_Drama
810,i_Drama
811,i_Crime|i_Drama|i_Romance|i_Thriller
812,i_Comedy|i_Crime
813,i_Comedy
814,i_Crime
815,i_Comedy
816,i_Drama
817,i_Crime|i_Drama
818,i_Drama
819,i_Action
820,i_Drama
821,i_Drama
822,i_Horror
823,i_Sci-Fi|i_Thriller
824,i_Children's|i_Comedy
825,i_Drama|i_Thriller
826,i_Drama
827,i_Children's|i_Drama|i_Fantasy
828,i_Action
829,i_Drama
830,i_Animation|i_Children's
831,i_Romance
832,i_Horror|i_Thriller
833,i_Comedy|i_Drama|i_Romance
834,i_Drama
835,i_Drama
836,i_Drama
837,i_Adventure|i_War
838,i_Comedy|i_Romance
839,i_Musical|i_Romance
840,i_Musical|i_Romance
841,i_Comedy|i_Musical
842,i_Drama|i_Romance
843,i_Mystery|i_Thriller
844,i_Mystery|i_Thriller
845,i_Comedy|i_year
846,i_Mystery|i_Thriller
847,i_Comedy|i_Musical|i_Romance|i_year
848,i_Drama|i_Thriller
849,i_Comedy|i_Drama
850,i_Comedy|i_Crime
851,i_Comedy|i_Mystery|i_Romance|i_Thriller
852,i_Drama|i_Romance|i_War
853,i_Film-Noir|i_Mystery
854,i_Musical|i_Romance
855,i_Comedy|i_Romance
856,i_Comedy|i_Romance
857,i_Children's|i_Drama|i_year
858,i_Musical
859,i_Adventure|i_Children's|i_Drama|i_Musical|i_year
860,i_Drama|i_Romance|i_War|i_year
861,i_Comedy
862,i_Film-Noir
863,i_Drama
864,i_Drama|i_Mystery|i_Sci-Fi|i_Thriller
865,i_Adventure|i_Romance
866,i_Drama
867,i_Comedy|i_year
868,i_Romance|i_Thriller
869,i_Thriller
870,i_Film-Noir|i_Romance|i_Thriller
871,i_Mystery|i_Romance|i_Thriller
872,i_Romance
873,i_Comedy|i_Romance|i_Thriller
874,i_Comedy
875,i_Comedy|i_Musical
876,i_Comedy|i_Romance|i_year
877,i_Comedy|i_Romance
878,i_Musical
879,i_Comedy|i_Drama
880,i_Action|i_Adventure|i_year
881,i_Adventure
882,i_Crime|i_Film-Noir|i_Mystery
883,i_Drama|i_Romance
884,i_Drama|i_year
885,i_Comedy|i_Musical|i_Romance|i_year
886,i_Comedy|i_Drama|i_War
887,i_Comedy|i_year
888,i_Drama
889,i_Drama
890,i_Mystery|i_year
891,i_Comedy
892,i_Adventure|i_Comedy
893,i_Drama
894,i_Drama|i_year
895,i_Comedy|i_year
896,i_Drama|i_Romance
897,i_Drama|i_year
898,i_Comedy|i_Mystery
899,i_Drama|i_year
900,i_Crime|i_Drama
901,i_Drama|i_year
902,i_Crime|i_Drama|i_year
903,i_Musical
904,i_Western
905,i_Thriller|i_year
906,i_Drama
907,i_Western
908,i_Horror|i_Sci-Fi
909,i_Action|i_Adventure|i_Romance|i_War
910,i_Comedy|i_Drama
911,i_Drama
912,i_Drama
913,i_Drama
914,i_Drama|i_Romance|i_year
915,i_Comedy|i_Musical|i_year
916,i_Romance|i_War|i_year
917,i_Mystery|i_year
918,i_Drama|i_year
919,i_Action
920,i_Drama
921,i_Drama
922,i_Comedy|i_Drama
923,i_Documentary
924,i_Adventure|i_Children's
925,i_Drama|i_Romance
926,i_Comedy|i_Drama
927,i_Drama
928,i_Action|i_Adventure|i_Thriller
929,i_Drama|i_War
930,i_Thriller
931,i_Drama
932,i_Drama
933,i_Action|i_Drama|i_Western
934,i_Drama|i_Thriller
935,i_Action|i_Crime
936,i_Crime
937,i_Crime
938,i_Comedy
939,i_Drama|i_Thriller
940,i_Action|i_Thriller
941,i_Children's|i_Comedy
942,i_Drama
943,i_Children's|i_Comedy|i_Western
944,i_Western
945,i_Adventure|i_Children's|i_Fantasy
946,i_Children's|i_Comedy
947,i_Adventure|i_Children's|i_Comedy
948,i_Children's|i_Drama
949,i_Children's|i_Drama
950,i_Children's|i_Comedy|i_Drama
951,i_Adventure|i_Children's
952,i_Children's|i_Comedy
953,i_Adventure|i_Children's
954,i_Children's|i_Comedy|i_Mystery
955,i_Adventure|i_Children's|i_Fantasy|i_Sci-Fi
956,i_Comedy
957,i_Children's|i_Comedy
958,i_Animation|i_Children's|i_Musical
959,i_Animation|i_Children's
960,i_Animation|i_Children's|i_Musical
961,i_Animation|i_Children's
962,i_Children's|i_Drama
963,i_Drama
964,i_Children's|i_Comedy|i_Musical
965,i_Animation|i_Children's|i_Musical
966,i_Adventure|i_Animation|i_Children's|i_Musical
967,i_Adventure|i_Children's|i_Musical
968,i_Animation|i_Children's|i_Musical
969,i_Animation|i_Children's
970,i_Crime
971,i_Musical
972,i_Action|i_Thriller
973,i_Action|i_Sci-Fi|i_Thriller
974,i_Drama
975,i_Documentary
976,i_Drama
977,i_Drama
978,i_Comedy
979,i_Drama|i_Romance
980,i_Drama
981,i_Drama|i_Romance
982,i_Action|i_Thriller
983,i_Action|i_Adventure
984,i_Documentary|i_Drama
985,i_Drama
986,i_Crime|i_Drama
987,i_Drama
988,i_Thriller
989,i_Drama
990,i_Comedy|i_Musical|i_Romance
991,i_Drama
992,i_Drama|i_Romance
993,i_Comedy|i_Drama
994,i_Crime|i_Drama
995,i_Drama
996,i_Drama
997,i_Animation|i_Children's|i_Comedy
998,i_Comedy|i_Musical|i_Romance|i_year
999,i_Comedy|i_Musical|i_Romance|i_year
1000,i_Crime|i_Film-Noir
1001,i_Film-Noir|i_Thriller
1002,i_Adventure
1003,i_Romance|i_War
1004,i_Adventure|i_Children's|i_Comedy|i_Fantasy
1005,i_Thriller
1006,i_Comedy|i_Sci-Fi
1007,i_Comedy|i_War
1008,i_Comedy
1009,i_Comedy
1010,i_Comedy|i_Musical
1011,i_Drama
1012,i_Comedy|i_Musical
1013,i_Crime|i_Drama
1014,i_Adventure|i_Drama
1015,i_Mystery|i_Thriller
1016,i_Musical
1017,i_Musical|i_Romance
1018,i_Crime|i_Thriller
1019,i_Drama|i_War
1020,i_Comedy
1021,i_Mystery|i_Thriller
1022,i_Drama|i_Musical
1023,i_Drama|i_Romance|i_War
1024,i_Drama
1025,i_Drama
1026,i_Children's|i_Drama|i_Fantasy|i_Sci-Fi
1027,i_Comedy
1028,i_Drama|i_year
1029,i_Action|i_Romance
1030,i_Action|i_Romance
1031,i_Action
1032,i_Drama
1033,i_Drama
1034,i_Horror
1035,i_Comedy
1036,i_Documentary
1037,i_Action|i_Drama
1038,i_Comedy
1039,i_Drama
1040,i_Comedy|i_Drama
1041,i_Drama
1042,i_Drama
1043,i_Adventure|i_Western
1044,i_Drama
1045,i_Drama
1046,i_Drama
1047,i_Documentary
1048,i_Drama
1049,i_Comedy
1050,i_Comedy|i_Fantasy
1051,i_Action|i_Adventure|i_Sci-Fi|i_Thriller
1052,i_Horror
1053,i_Action|i_Adventure|i_Sci-Fi|i_Thriller
1054,i_Horror
1055,i_Drama
1056,i_Drama
1057,i_Comedy|i_Drama
1058,i_Action|i_Drama
1059,i_Comedy
1060,i_Comedy
1061,i_Documentary
1062,i_Drama
1063,i_Drama
1064,i_Documentary
1065,i_Documentary
1066,i_Documentary
1067,i_Animation|i_Comedy
1068,i_Documentary|i_Drama
1069,i_Drama
1070,i_Animation|i_Comedy|i_Thriller
1071,i_Crime|i_Film-Noir|i_Thriller
1072,i_Film-Noir
1073,i_Film-Noir
1074,i_Comedy|i_year
1075,i_Drama
1076,i_Comedy
1077,i_Drama
1078,i_Drama
1079,i_Drama|i_Thriller
1080,i_Comedy
1081,i_Horror
1082,i_Documentary
1083,i_Action
1084,i_Comedy
1085,i_Comedy|i_Drama|i_Romance
1086,i_Drama
1087,i_Comedy
1088,i_Comedy|i_Sci-Fi
1089,i_Drama
1090,i_Drama
1091,i_Drama|i_War
1092,i_Crime|i_Drama|i_Film-Noir
1093,i_Comedy
1094,i_Action
1095,i_Drama|i_Romance|i_War
1096,i_Comedy|i_War
1097,i_Drama
1098,i_Drama
1099,i_Drama
1100,i_Comedy|i_Romance
1101,i_Documentary
1102,i_Drama
1103,i_Documentary
1104,i_Documentary
1105,i_Drama
1106,i_Comedy
1107,i_Action|i_Adventure|i_Drama|i_Sci-Fi|i_War
1108,i_Action|i_Adventure|i_Comedy|i_Romance
1109,i_Action|i_Adventure
1110,i_Sci-Fi
1111,i_Action|i_Sci-Fi|i_Thriller|i_War
1112,i_Action|i_Western
1113,i_Comedy
1114,i_Drama
1115,i_Adventure|i_War
1116,i_Action|i_Animation|i_Children's|i_Sci-Fi|i_Thriller|i_War
1117,i_Sci-Fi
1118,i_Drama
1119,i_Drama|i_War
1120,i_Western
1121,i_Action|i_Adventure|i_Romance|i_Sci-Fi|i_War
1122,i_Comedy|i_Drama|i_Romance
1123,i_Mystery|i_Thriller
1124,i_Crime|i_Drama
1125,i_Action|i_Horror|i_Sci-Fi|i_Thriller
1126,i_Action|i_Adventure|i_Comedy|i_Horror|i_Sci-Fi
1127,i_Adventure|i_Romance
1128,i_Drama|i_War
1129,i_Action|i_Thriller
1130,i_Horror|i_Thriller
1131,i_Action|i_Comedy|i_Musical
1132,i_Action|i_Crime|i_Drama
1133,i_Action|i_Drama|i_War
1134,i_Animation|i_Comedy
1135,i_Drama|i_War
1136,i_Drama
1137,i_Comedy|i_Romance
1138,i_Crime|i_Drama|i_Thriller
1139,i_Drama
1140,i_Comedy|i_Romance
1141,i_Drama
1142,i_Mystery|i_Sci-Fi
1143,i_Action|i_Drama|i_War
1144,i_Comedy|i_Crime
1145,i_Comedy
1146,i_Comedy|i_Drama
1147,i_Drama
1148,i_Comedy
1149,i_Action|i_Sci-Fi|i_Thriller
1150,i_Comedy|i_Horror
1151,i_Action|i_Drama|i_War
1152,i_Comedy|i_Drama
1153,i_Comedy|i_Drama|i_Romance
1154,i_Drama
1155,i_Drama
1156,i_Drama|i_Romance
1157,i_Crime|i_Film-Noir|i_Thriller
1158,i_Thriller
1159,i_Drama|i_War
1160,i_Drama
1161,i_Film-Noir|i_Mystery|i_Thriller
1162,i_Drama|i_Sci-Fi
1163,i_Adventure
1164,i_Comedy|i_Horror
1165,i_Comedy|i_War|i_year
1166,i_Comedy
1167,i_Horror
1168,i_Adventure|i_Comedy|i_Drama
1169,i_Crime|i_Film-Noir|i_Thriller|i_year
1170,i_Action|i_Adventure|i_Comedy|i_Horror
1171,i_Adventure|i_War
1172,i_Drama|i_War
1173,i_Action|i_Drama|i_Mystery|i_Romance|i_Thriller
1174,i_Comedy|i_Romance
1175,i_Western
1176,i_Film-Noir|i_Thriller
1177,i_Drama
1178,i_Comedy|i_Mystery|i_Thriller
1179,i_Comedy|i_Sci-Fi
1180,i_Drama
1181,i_Drama|i_War
1182,i_Comedy|i_Drama
1183,i_Adventure|i_Animation|i_Sci-Fi|i_Thriller
1184,i_Action|i_Adventure
1185,i_Comedy|i_Drama
1186,i_Action|i_Drama|i_Romance
1187,i_Comedy|i_Horror
1188,i_Comedy|i_Drama
1189,i_Drama
1190,i_Comedy
1191,i_Animation|i_Children's|i_Musical
1192,i_Western
1193,i_Film-Noir|i_Mystery
1194,i_Comedy
1195,i_Drama|i_Romance
1196,i_Action|i_Adventure|i_Drama
1197,i_Comedy|i_Drama|i_Musical
1198,i_Documentary|i_War
1199,i_Drama|i_Romance
1200,i_Action|i_Adventure
1201,i_Comedy
1202,i_Drama
1203,i_Comedy|i_War
1204,i_Drama
1205,i_Drama|i_Romance
1206,i_Comedy
1207,i_Drama|i_Musical|i_War
1208,i_Drama|i_War
1209,i_Drama
1210,i_Sci-Fi
1211,i_Drama
1212,i_Adventure
1213,i_Action|i_Comedy|i_Western
1214,i_Drama
1215,i_Drama|i_Sci-Fi
1216,i_Comedy|i_Romance
1217,i_Documentary
1218,i_Comedy
1219,i_Drama
1220,i_Crime
1221,i_Documentary
1222,i_Drama
1223,i_Comedy
1224,i_Action|i_Horror|i_Sci-Fi|i_Thriller
1225,i_Horror
1226,i_Horror
1227,i_Horror
1228,i_Horror
1229,i_Horror
1230,i_Horror
1231,i_Horror
1232,i_Horror
1233,i_Horror
1234,i_Comedy|i_Horror
1235,i_Horror
1236,i_Horror|i_Thriller
1237,i_Horror
1238,i_Horror|i_Sci-Fi
1239,i_Action|i_Horror
1240,i_Horror
1241,i_Horror
1242,i_Horror|i_Romance
1243,i_Horror|i_year
1244,i_Horror
1245,i_Horror
1246,i_Thriller
1247,i_Film-Noir|i_Thriller
1248,i_Horror
1249,i_Horror
1250,i_Horror
1251,i_Horror|i_year
1252,i_Horror
1253,i_Horror
1254,i_Drama
1255,i_Crime|i_Thriller
1256,i_Comedy|i_Romance
1257,i_Drama
1258,i_Horror|i_Thriller
1259,i_Action|i_Adventure|i_Sci-Fi
1260,i_Drama|i_Romance
1261,i_Drama|i_Thriller
1262,i_Adventure|i_Children's|i_Comedy
1263,i_Drama
1264,i_Documentary
1265,i_Drama
1266,i_Drama
1267,i_Action
1268,i_Drama
1269,i_Drama
1270,i_Children's|i_Comedy
1271,i_Drama|i_Thriller
1272,i_Action|i_Thriller
1273,i_Action|i_Adventure|i_Sci-Fi
1274,i_Action|i_Adventure|i_Sci-Fi
1275,i_Action|i_Adventure|i_Sci-Fi
1276,i_Action|i_Adventure|i_Sci-Fi
1277,i_Action|i_Adventure|i_Sci-Fi
1278,i_Action|i_Adventure|i_Sci-Fi
1279,i_Action|i_Adventure|i_Comedy|i_Crime
1280,i_Action|i_Comedy|i_Western
1281,i_Action|i_Comedy|i_Western
1282,i_Comedy|i_Musical|i_Romance
1283,i_Comedy|i_Musical|i_Romance
1284,i_Action|i_Drama
1285,i_Action|i_Sci-Fi
1286,i_Drama
1287,i_Action
1288,i_Western
1289,i_Action|i_Horror
1290,i_Action|i_Horror
1291,i_Action|i_Horror
1292,i_Comedy
1293,i_Action|i_Comedy|i_Sci-Fi|i_War
1294,i_Comedy|i_Drama
1295,i_Drama|i_Romance
1296,i_Comedy
1297,i_Comedy|i_Drama
1298,i_Crime|i_Drama|i_Sci-Fi
1299,i_Drama
1300,i_Romance|i_War
1301,i_Drama
1302,i_Drama
1303,i_Crime|i_Drama
1304,i_Animation|i_Comedy
1305,i_Drama
1306,i_Horror|i_Thriller
1307,i_Action|i_Romance|i_War
1308,i_Comedy|i_Romance
1309,i_Comedy|i_Drama
1310,i_Drama
1311,i_Drama
1312,i_Drama
1313,i_Comedy
1314,i_Crime|i_Drama|i_Romance
1315,i_Drama|i_Musical
1316,i_Drama
1317,i_Drama
1318,i_Documentary
1319,i_Documentary
1320,i_Mystery|i_Thriller
1321,i_Drama
1322,i_Comedy
1323,i_Children's
1324,i_Thriller
1325,i_Drama
1326,i_Action
1327,i_Thriller
1328,i_Action|i_Comedy
1329,i_Action
1330,i_Comedy|i_Horror
1331,i_Action
1332,i_Comedy
1333,i_Drama
1334,i_Action|i_Thriller
1335,i_Comedy
1336,i_Comedy
1337,i_Comedy|i_Romance
1338,i_Drama
1339,i_Comedy
1340,i_Comedy|i_War
1341,i_Comedy
1342,i_Crime
1343,i_Comedy
1344,i_War
1345,i_Comedy|i_Romance
1346,i_Comedy
1347,i_Comedy|i_Romance
1348,i_Comedy
1349,i_Comedy|i_Romance
1350,i_Romance
1351,i_Mystery|i_Thriller
1352,i_Children's|i_Comedy|i_Mystery
1353,i_Comedy
1354,i_Comedy|i_Romance
1355,i_Mystery
1356,i_Drama
1357,i_Crime|i_Drama
1358,i_Comedy|i_Romance
1359,i_Documentary
1360,i_Drama
1361,i_Crime|i_Thriller
1362,i_Action|i_Comedy|i_Crime|i_Drama
1363,i_Children's|i_Comedy
1364,i_Romance
1365,i_Comedy|i_Drama
1366,i_Romance
1367,i_Action|i_Romance|i_Thriller
1368,i_Action|i_Drama|i_Thriller
1369,i_Comedy|i_Drama
1370,i_Drama|i_Thriller
1371,i_Mystery
1372,i_Comedy
1373,i_Drama
1374,i_Drama|i_Musical
1375,i_Action|i_Drama|i_Thriller|i_War
1376,i_Animation|i_Children's|i_Musical
1377,i_Comedy
1378,i_Romance
1379,i_Comedy
1380,i_Action|i_Adventure|i_Children's
1381,i_Drama|i_Romance
1382,i_Action
1383,i_Drama|i_Romance
1384,i_Action|i_Adventure|i_Thriller
1385,i_Comedy|i_Crime
1386,i_Crime
1387,i_Romance
1388,i_Comedy
1389,i_Drama
1390,i_Drama|i_War
1391,i_Drama
1392,i_Drama
1393,i_Drama
1394,i_Comedy
1395,i_Comedy
1396,i_Romance
1397,i_Drama|i_Thriller
1398,i_Comedy
1399,i_Comedy
1400,i_Action|i_Thriller
1401,i_Drama
1402,i_Romance
1403,i_Drama
1404,i_Action|i_Crime|i_Romance
1405,i_Action|i_Adventure|i_Children's|i_Fantasy
1406,i_Comedy
1407,i_Action|i_Sci-Fi
1408,i_Comedy
1409,i_Drama
1410,i_Drama
1411,i_Comedy
1412,i_Drama
1413,i_Drama
1414,i_Drama|i_Romance
1415,i_Comedy
1416,i_Adventure|i_Children's
1417,i_Comedy|i_Crime
1418,i_Comedy|i_Romance
1419,i_Comedy|i_Drama|i_Romance
1420,i_Drama
1421,i_Action|i_Adventure|i_Sci-Fi|i_Thriller
1422,i_Drama
1423,i_Comedy
1424,i_Children's|i_Drama
1425,i_Drama
1426,i_Drama|i_Romance
1427,i_Comedy|i_Romance
1428,i_Adventure|i_Children's|i_Drama
1429,i_Action|i_Adventure|i_Thriller
1430,i_Comedy
1431,i_Drama|i_Romance
1432,i_Drama
1433,i_Action|i_Romance|i_Thriller
1434,i_Comedy
1435,i_Comedy
1436,i_Action|i_Adventure|i_Crime
1437,i_Drama
1438,i_Comedy|i_Romance
1439,i_Comedy|i_Thriller
1440,i_Adventure|i_Animation|i_Children's|i_Comedy|i_Musical
1441,i_Drama
1442,i_Comedy|i_Romance
1443,i_Sci-Fi
1444,i_Comedy|i_Romance
1445,i_Drama
1446,i_Action|i_Sci-Fi|i_Thriller
1447,i_Romance
1448,i_Drama
1449,i_Drama
1450,i_Action|i_Adventure|i_Comedy|i_Sci-Fi
1451,i_Comedy
1452,i_Adventure|i_Children's
1453,i_Children's|i_Fantasy
1454,i_Drama|i_Sci-Fi
1455,i_Comedy
1456,i_Action|i_Drama|i_War
1457,i_Action|i_Adventure
1458,i_Children's|i_Comedy
1459,i_Crime|i_Drama|i_Mystery
1460,i_Action|i_Mystery|i_Sci-Fi|i_Thriller
1461,i_Action|i_Adventure|i_Sci-Fi|i_Thriller
1462,i_Children's|i_Comedy
1463,i_Comedy|i_Romance
1464,i_Drama
1465,i_Adventure|i_Children's|i_Drama
1466,i_Drama
1467,i_Action|i_Mystery|i_Romance|i_Thriller
1468,i_Crime|i_Drama|i_Thriller
1469,i_Action
1470,i_Drama|i_Romance
1471,i_Crime|i_Drama|i_Film-Noir
1472,i_Comedy
1473,i_Sci-Fi|i_Thriller
1474,i_Action|i_Comedy
1475,i_Adventure|i_Romance
1476,i_Action|i_Adventure
1477,i_Action|i_Thriller
1478,i_Drama
1479,i_Action|i_Thriller
1480,i_Drama
1481,i_Comedy
1482,i_Drama
1483,i_Comedy
1484,i_Adventure|i_Thriller
1485,i_Action|i_Thriller|i_War
1486,i_Crime|i_Film-Noir|i_Mystery|i_Thriller
1487,i_Drama|i_War
1488,i_Crime|i_Drama|i_Thriller
1489,i_Drama
1490,i_Comedy|i_Drama
1491,i_Horror
1492,i_Drama
1493,i_Mystery|i_Thriller
1494,i_Action|i_Drama|i_Thriller
1495,i_Action|i_Crime|i_Mystery
1496,i_Comedy|i_Romance
1497,i_Comedy|i_Drama
1498,i_Thriller
1499,i_Comedy|i_Romance
1500,i_Drama
1501,i_Drama
1502,i_Action|i_Thriller
1503,i_Drama|i_Romance
1504,i_Comedy
1505,i_Comedy
1506,i_Comedy|i_Drama
1507,i_Drama|i_Romance
1508,i_Horror|i_Mystery|i_Thriller
1509,i_Crime|i_Horror|i_Mystery|i_Thriller
1510,i_Comedy
1511,i_Crime|i_Thriller
1512,i_Comedy|i_Drama|i_Thriller
1513,i_Documentary
1514,i_Drama
1515,i_Drama
1516,i_Documentary
1517,i_Drama|i_Sci-Fi|i_Thriller
1518,i_Children's|i_Drama|i_Fantasy
1519,i_Horror
1520,i_Romance
1521,i_Documentary
1522,i_Romance|i_Thriller
1523,i_Drama
1524,i_Drama
1525,i_Thriller
1526,i_Crime
1527,i_Comedy
1528,i_Drama
1529,i_Comedy
1530,i_Romance
1531,i_Action|i_Drama
1532,i_Drama
1533,i_Romance
1534,i_Drama|i_War
1535,i_Crime
1536,i_Drama
1537,i_Drama
1538,i_Drama|i_Romance|i_Thriller
1539,i_Crime|i_Thriller
1540,i_Action|i_Adventure|i_Sci-Fi|i_War
1541,i_Comedy
1542,i_Drama
1543,i_Comedy
1544,i_Drama|i_Romance
1545,i_Action|i_Adventure
1546,i_Drama
1547,i_Drama|i_Romance|i_Thriller
1548,i_Romance
1549,i_Romance
1550,i_Crime|i_Thriller
1551,i_Action|i_Thriller
1552,i_Animation|i_Children's|i_Musical
1553,i_Comedy|i_Mystery
1554,i_Action|i_Horror|i_Sci-Fi
1555,i_Horror|i_Sci-Fi
1556,i_Drama
1557,i_Drama
1558,i_Drama
1559,i_Drama|i_War
1560,i_Drama
1561,i_Comedy|i_Drama
1562,i_Children's|i_Comedy|i_Fantasy
1563,i_Comedy
1564,i_Drama
1565,i_Children's|i_Comedy
1566,i_Thriller
1567,i_Comedy|i_Crime|i_Drama|i_Mystery
1568,i_Children's|i_Comedy
1569,i_Romance
1570,i_Thriller
1571,i_Horror|i_Thriller
1572,i_Thriller
1573,i_Drama
1574,i_Action|i_Adventure|i_Sci-Fi
1575,i_Drama|i_Romance
1576,i_Action|i_Romance|i_Thriller
1577,i_Drama
1578,i_Drama
1579,i_Drama
1580,i_Drama
1581,i_Drama
1582,i_Crime|i_Drama
1583,i_Drama
1584,i_Comedy
1585,i_Comedy|i_Crime|i_Mystery|i_Thriller
1586,i_Drama|i_Romance
1587,i_Comedy|i_Drama
1588,i_Drama|i_Romance
1589,i_Action|i_Children's
1590,i_Drama
1591,i_Documentary
1592,i_Action|i_Adventure|i_Thriller
1593,i_Comedy
1594,i_Comedy|i_Drama
1595,i_Film-Noir|i_Sci-Fi|i_Thriller
1596,i_Romance
1597,i_Adventure|i_Children's|i_Fantasy|i_Sci-Fi
1598,i_Action|i_Thriller
1599,i_Comedy
1600,i_Action|i_Mystery|i_Thriller
1601,i_Romance
1602,i_Horror
1603,i_Drama
1604,i_Drama
1605,i_Comedy|i_Musical
1606,i_Action|i_Horror|i_Sci-Fi
1607,i_Comedy|i_Thriller
1608,i_Drama|i_Romance
1609,i_Action|i_Thriller
1610,i_Romance|i_Thriller
1611,i_Horror
1612,i_Action|i_Comedy|i_Musical
1613,i_Action|i_Drama
1614,i_Comedy|i_Romance
1615,i_Adventure|i_Sci-Fi|i_Thriller
1616,i_Documentary
1617,i_Comedy|i_Romance
1618,i_Film-Noir|i_Mystery|i_Thriller
1619,i_Comedy|i_Drama
1620,i_Action|i_Crime
1621,i_Documentary
1622,i_Action|i_Drama
1623,i_Crime|i_Drama
1624,i_Action|i_Thriller
1625,i_Comedy
1626,i_Comedy|i_Drama
1627,i_Drama
1628,i_Action|i_Drama
1629,i_Documentary
1630,i_Thriller
1631,i_Crime|i_Drama
1632,i_Action|i_Drama|i_Romance
1633,i_Crime|i_Drama
1634,i_Crime|i_Drama|i_Mystery|i_Thriller
1635,i_Adventure|i_Children's|i_Comedy
1636,i_Drama
1637,i_Comedy|i_Crime|i_Drama
1638,i_Drama
1639,i_Drama
1640,i_Children's|i_Comedy|i_Drama
1641,i_Drama
1642,i_Drama
1643,i_Comedy|i_Drama
1644,i_Comedy|i_Drama|i_Romance
1645,i_Drama
1646,i_Comedy|i_Romance
1647,i_Children's|i_Comedy
1648,i_Comedy|i_Thriller
1649,i_Action|i_Drama
1650,i_Adventure|i_Children's
1651,i_Comedy|i_Documentary
1652,i_Drama|i_Romance
1653,i_Comedy
1654,i_Action|i_Sci-Fi|i_Thriller
1655,i_Action|i_Drama
1656,i_Action|i_Drama|i_Thriller
1657,i_Drama|i_Thriller
1658,i_Romance
1659,i_Drama
1660,i_Comedy
1661,i_Comedy
1662,i_Drama
1663,i_Drama|i_Thriller
1664,i_Crime|i_Drama
1665,i_Children's|i_Comedy
1666,i_Drama
1667,i_Comedy|i_Thriller
1668,i_Drama
1669,i_Adventure|i_Children's|i_Comedy|i_Fantasy
1670,i_Adventure
1671,i_Drama|i_Romance
1672,i_Drama|i_Romance
1673,i_Drama|i_Thriller
1674,i_Comedy
1675,i_Comedy|i_Romance
1676,i_Comedy
1677,i_Documentary|i_Musical
1678,i_Comedy
1679,i_Action|i_Comedy
1680,i_Drama
1681,i_Drama
1682,i_Comedy|i_Thriller
1683,i_Horror|i_Sci-Fi
1684,i_Comedy
1685,i_Comedy
1686,i_Documentary
1687,i_Action|i_Comedy
1688,i_Action|i_Adventure
1689,i_Drama|i_War
1690,i_Action|i_Thriller
1691,i_Comedy|i_Drama
1692,i_Comedy|i_Drama
1693,i_Drama
1694,i_Drama
1695,i_Comedy|i_Romance
1696,i_Comedy
1697,i_Action|i_Drama|i_Sci-Fi|i_Thriller
1698,i_Drama
1699,i_Comedy|i_Romance
1700,i_Drama
1701,i_Drama
1702,i_Adventure|i_Animation|i_Children's|i_Fantasy
1703,i_Action|i_Sci-Fi
1704,i_Comedy
1705,i_Comedy|i_Drama
1706,i_Comedy|i_Drama
1707,i_Comedy
1708,i_Adventure|i_Comedy
1709,i_Comedy|i_Drama|i_Romance
1710,i_Thriller
1711,i_Drama
1712,i_Horror|i_Thriller
1713,i_Mystery|i_Thriller
1714,i_Drama
1715,i_Adventure|i_Comedy|i_Romance
1716,i_Comedy|i_Drama|i_Romance
1717,i_Comedy
1718,i_Drama|i_Romance
1719,i_Drama|i_War
1720,i_Adventure|i_Drama
1721,i_Drama
1722,i_Documentary
1723,i_Drama|i_Romance
1724,i_Comedy
1725,i_Comedy|i_Drama
1726,i_Drama
1727,i_Comedy|i_Romance
1728,i_Animation|i_Children's
1729,i_Drama|i_Thriller
1730,i_Mystery|i_Sci-Fi|i_Thriller
1731,i_Action|i_Comedy|i_Crime
1732,i_Comedy
1733,i_Action|i_Crime|i_Romance
1734,i_Drama|i_Mystery
1735,i_Comedy|i_Drama
1736,i_Drama
1737,i_Action|i_Comedy|i_Drama
1738,i_Action|i_Adventure|i_Sci-Fi|i_Thriller
1739,i_Action|i_Comedy|i_Crime|i_Drama
1740,i_Children's|i_Comedy
1741,i_Animation|i_Children's|i_Fantasy|i_War
1742,i_Sci-Fi|i_Thriller
1743,i_Drama
1744,i_Comedy
1745,i_Horror|i_Sci-Fi
1746,i_Drama|i_Romance|i_War|i_year
1747,i_Musical|i_year
1748,i_War|i_year
1749,i_Western|i_year
1750,i_Drama|i_year
1751,i_Drama|i_year
1752,i_Adventure|i_year
1753,i_Musical|i_year
1754,i_Drama|i_year
1755,i_Comedy|i_year
1756,i_Drama
1757,i_Drama|i_War
1758,i_Comedy
1759,i_Drama
1760,i_Drama|i_War
1761,i_Drama
1762,i_Drama
1763,i_Drama
1764,i_Drama
1765,i_Drama|i_Romance|i_War
1766,i_Crime|i_Drama
1767,i_Drama|i_Romance
1768,i_Musical|i_Romance
1769,i_Comedy
1770,i_Drama
1771,i_Drama|i_Mystery
1772,i_Musical
1773,i_Drama
1774,i_Action|i_Crime|i_Drama|i_Thriller
1775,i_Action|i_Drama
1776,i_Drama
1777,i_Drama
1778,i_Drama
1779,i_Comedy|i_Drama
1780,i_Drama|i_Romance
1781,i_Drama|i_War
1782,i_Drama
1783,i_Drama
1784,i_Comedy
1785,i_Drama|i_Mystery
1786,i_Comedy|i_Sci-Fi
1787,i_Comedy
1788,i_Adventure|i_Children's|i_Fantasy
1789,i_Comedy|i_Drama
1790,i_Horror
1791,i_Horror
1792,i_Horror
1793,i_Horror
1794,i_Horror
1795,i_Horror
1796,i_Horror
1797,i_Horror
1798,i_Horror
1799,i_Horror
1800,i_Horror
1801,i_Horror
1802,i_Horror
1803,i_Horror
1804,i_Horror
1805,i_Horror
1806,i_Horror
1807,i_Horror
1808,i_Horror
1809,i_Horror
1810,i_Horror
1811,i_Horror
1812,i_Horror
1813,i_Horror
1814,i_Horror
1815,i_Horror|i_Thriller
1816,i_Horror|i_Thriller
1817,i_Horror|i_Thriller
1818,i_Horror
1819,i_Horror
1820,i_Horror
1821,i_Action|i_Comedy|i_Crime|i_Drama
1822,i_Action|i_Comedy|i_Crime|i_Drama
1823,i_Action|i_Comedy|i_Crime|i_Drama
1824,i_Comedy|i_Horror
1825,i_Comedy|i_Horror
1826,i_Adventure|i_Children's|i_Fantasy
1827,i_Action|i_Adventure|i_Romance
1828,i_Comedy
1829,i_Crime|i_Drama|i_Film-Noir
1830,i_Sci-Fi|i_Thriller
1831,i_Sci-Fi|i_year
1832,i_Comedy|i_Sci-Fi
1833,i_Comedy|i_Sci-Fi|i_Western
1834,i_Action|i_Adventure
1835,i_Children's|i_Comedy
1836,i_Children's|i_Comedy|i_Fantasy
1837,i_Children's|i_Comedy|i_Western
1838,i_Children's|i_Fantasy|i_Musical
1839,i_Animation|i_Children's
1840,i_Action|i_Drama
1841,i_Drama|i_Romance
1842,i_Fantasy|i_Sci-Fi
1843,i_Drama
1844,i_Action|i_Crime|i_Drama
1845,i_Drama|i_Mystery
1846,i_Drama|i_Romance
1847,i_Horror|i_Thriller
1848,i_Comedy|i_Crime
1849,i_Action|i_Drama|i_War
1850,i_Comedy|i_Romance
1851,i_Children's|i_Comedy
1852,i_Children's|i_Comedy
1853,i_Animation|i_Children's
1854,i_Sci-Fi
1855,i_Children's|i_Comedy
1856,i_Children's|i_Comedy
1857,i_Adventure|i_Children's|i_Comedy
1858,i_Children's|i_Comedy|i_Sci-Fi
1859,i_Adventure|i_Children's
1860,i_Children's|i_Comedy
1861,i_Action|i_Adventure|i_Children's|i_Comedy
1862,i_Children's|i_Comedy
1863,i_Adventure|i_Children's|i_Fantasy
1864,i_Comedy
1865,i_Adventure|i_Children's|i_Drama|i_Romance
1866,i_Adventure|i_Children's|i_Sci-Fi
1867,i_Children's
1868,i_Animation|i_Children's
1869,i_Comedy|i_Musical
1870,i_Adventure|i_Children's|i_Comedy
1871,i_Adventure|i_Children's|i_Comedy
1872,i_Children's|i_Comedy
1873,i_Children's|i_Comedy|i_Sci-Fi
1874,i_Adventure|i_Children's|i_Comedy|i_Fantasy|i_Sci-Fi
1875,i_Comedy|i_Western
1876,i_Adventure|i_Children's
1877,i_Adventure|i_Children's
1878,i_Action|i_Thriller
1879,i_Children's|i_Drama
1880,i_Comedy
1881,i_Documentary
1882,i_Drama|i_Romance
1883,i_Drama|i_Romance
1884,i_Comedy|i_Documentary
1885,i_Comedy|i_Drama|i_Romance
1886,i_Film-Noir
1887,i_Drama|i_Romance|i_War
1888,i_Drama
1889,i_Drama
1890,i_Drama
1891,i_Drama
1892,i_Comedy
1893,i_Comedy
1894,i_Drama
1895,i_Drama|i_War
1896,i_Drama|i_Mystery
1897,i_Adventure|i_Children's
1898,i_Animation|i_Children's|i_Comedy|i_Musical
1899,i_Children's|i_Drama
1900,i_Animation|i_Children's|i_Comedy|i_Musical|i_Romance
1901,i_Animation|i_Children's|i_Comedy|i_Musical|i_Romance
1902,i_Children's|i_Comedy
1903,i_Children's|i_Musical
1904,i_Children's|i_Musical
1905,i_Animation|i_Children's
1906,i_Drama|i_Fantasy
1907,i_Animation|i_Children's|i_Fantasy|i_Musical
1908,i_Adventure|i_Comedy|i_Musical
1909,i_Animation|i_Children's
1910,i_Animation|i_Children's
1911,i_Children's|i_Sci-Fi
1912,i_Animation|i_Children's|i_Musical
1913,i_Adventure|i_Children's|i_Fantasy|i_Sci-Fi
1914,i_Action|i_Adventure|i_Sci-Fi
1915,i_Children's|i_Comedy
1916,i_Animation|i_Children's|i_Musical
1917,i_Children's|i_Horror
1918,i_Children's|i_Comedy
1919,i_Adventure|i_Animation|i_Children's|i_Musical
1920,i_Comedy|i_Fantasy|i_Romance
1921,i_Adventure|i_Drama
1922,i_Animation|i_Children's|i_Comedy|i_Musical
1923,i_Adventure|i_Children's
1924,i_Drama
1925,i_Action|i_Adventure|i_Fantasy|i_Sci-Fi
1926,i_Drama|i_War
1927,i_Horror|i_Thriller
1928,i_Comedy|i_Romance
1929,i_Comedy
1930,i_Comedy|i_Crime|i_Thriller
1931,i_Comedy
1932,i_Crime|i_Drama
1933,i_Horror|i_Thriller
1934,i_Drama
1935,i_Action|i_Adventure
1936,i_Adventure|i_Animation|i_Children's|i_Sci-Fi
1937,i_Drama|i_Sci-Fi
1938,i_Horror|i_Thriller
1939,i_Horror
1940,i_Drama|i_Horror
1941,i_Horror|i_Thriller
1942,i_Horror|i_Thriller
1943,i_Animation|i_Children's
1944,i_Comedy
1945,i_Drama|i_Romance
1946,i_Action|i_Crime|i_Mystery|i_Thriller
1947,i_Drama|i_Romance
1948,i_Comedy
1949,i_Documentary
1950,i_Crime|i_Drama|i_Romance
1951,i_Drama
1952,i_Drama
1953,i_Adventure|i_Comedy
1954,i_Comedy
1955,i_Adventure|i_Musical
1956,i_Comedy
1957,i_Animation|i_Children's
1958,i_Animation|i_Children's|i_Drama|i_Fantasy
1959,i_Animation|i_Children's
1960,i_Children's|i_Fantasy|i_Sci-Fi
1961,i_Animation|i_Children's|i_Comedy
1962,i_Animation|i_Children's|i_Comedy
1963,i_Adventure|i_Fantasy|i_Romance
1964,i_Comedy
1965,i_Comedy|i_Drama|i_Romance
1966,i_Drama|i_Romance
1967,i_Drama
1968,i_Comedy|i_Horror
1969,i_Comedy|i_Horror
1970,i_Comedy
1971,i_Comedy
1972,i_Children's|i_Comedy
1973,i_Action|i_Adventure
1974,i_Drama|i_Romance
1975,i_Comedy
1976,i_Comedy|i_Drama
1977,i_Romance
1978,i_Crime|i_Horror
1979,i_Crime|i_Horror
1980,i_Horror|i_Thriller
1981,i_Adventure|i_Children's|i_Fantasy
1982,i_Adventure|i_Children's|i_Fantasy
1983,i_Comedy|i_Horror
1984,i_Drama
1985,i_Drama
1986,i_Drama|i_Romance
1987,i_Action|i_Adventure|i_Horror
1988,i_Drama|i_Romance
1989,i_Comedy
1990,i_Action|i_Comedy
1991,i_Comedy|i_Drama|i_Romance
1992,i_Comedy
1993,i_Adventure|i_Fantasy|i_Sci-Fi
1994,i_Comedy|i_Fantasy
1995,i_Drama|i_Romance
1996,i_Thriller
1997,i_Comedy|i_Thriller
1998,i_Thriller
1999,i_Thriller
2000,i_Thriller
2001,i_Thriller
2002,i_Drama|i_Film-Noir|i_Thriller
2003,i_Thriller
2004,i_Mystery|i_Thriller
2005,i_Thriller
2006,i_Film-Noir|i_Thriller
2007,i_Mystery|i_Thriller
2008,i_Drama
2009,i_Animation
2010,i_Drama
2011,i_Comedy
2012,i_Drama
2013,i_Action|i_Adventure|i_Fantasy
2014,i_Action|i_Crime|i_Drama
2015,i_Comedy
2016,i_Action
2017,i_Drama
2018,i_Documentary
2019,i_Drama
2020,i_Drama
2021,i_Drama|i_Thriller|i_War
2022,i_Film-Noir|i_Thriller
2023,i_Thriller
2024,i_Comedy
2025,i_Mystery|i_Thriller
2026,i_Drama|i_year
2027,i_Comedy|i_Mystery|i_Romance|i_Thriller|i_year
2028,i_Crime|i_Thriller|i_year
2029,i_Thriller|i_year
2030,i_Thriller|i_year
2031,i_Thriller|i_year
2032,i_Comedy|i_Musical|i_year
2033,i_Thriller|i_year
2034,i_Comedy|i_Romance|i_year
2035,i_Comedy|i_Musical|i_year
2036,i_Drama|i_year
2037,i_Mystery|i_Thriller|i_year
2038,i_Thriller|i_year
2039,i_Comedy|i_year
2040,i_Drama|i_year
2041,i_Thriller|i_year
2042,i_Crime|i_Drama
2043,i_Sci-Fi|i_Thriller
2044,i_Drama
2045,i_Drama
2046,i_Drama|i_War
2047,i_Drama
2048,i_Drama
2049,i_Comedy|i_Drama
2050,i_Comedy|i_Drama
2051,i_Drama
2052,i_Comedy
2053,i_Drama
2054,i_Comedy|i_Drama|i_Romance
2055,i_Comedy|i_Romance
2056,i_Comedy|i_Drama
2057,i_Comedy
2058,i_Comedy
2059,i_Comedy|i_Drama|i_Romance
2060,i_Comedy
2061,i_Drama
2062,i_Comedy
2063,i_Comedy|i_Drama
2064,i_Action|i_Comedy|i_Fantasy
2065,i_Drama
2066,i_Comedy
2067,i_Horror|i_Sci-Fi
2068,i_Comedy|i_Romance
2069,i_Action
2070,i_Comedy|i_Romance
2071,i_Action|i_Crime
2072,i_Comedy
2073,i_Comedy|i_Drama|i_Romance
2074,i_Thriller
2075,i_Drama
2076,i_Adventure|i_Comedy
2077,i_Comedy|i_Romance
2078,i_Mystery|i_Thriller
2079,i_Crime|i_Drama
2080,i_Drama
2081,i_Drama
2082,i_Drama
2083,i_Action|i_Thriller
2084,i_Action|i_Adventure|i_Sci-Fi
2085,i_Drama
2086,i_Drama
2087,i_Action|i_Crime|i_Thriller
2088,i_Horror|i_Thriller
2089,i_Crime
2090,i_Crime
2091,i_Comedy|i_Drama
2092,i_Drama
2093,i_Drama
2094,i_Drama
2095,i_Comedy
2096,i_Sci-Fi|i_Thriller|i_War
2097,i_Action|i_Horror|i_Sci-Fi|i_Thriller
2098,i_Comedy|i_Drama
2099,i_Comedy|i_Drama
2100,i_Drama|i_Romance
2101,i_Romance
2102,i_Drama
2103,i_Animation|i_Children's
2104,i_Comedy
2105,i_Comedy
2106,i_Drama|i_Romance
2107,i_Thriller
2108,i_Comedy
2109,i_Comedy|i_Musical
2110,i_Comedy
2111,i_Comedy
2112,i_Drama|i_Musical
2113,i_Drama
2114,i_Drama
2115,i_Comedy
2116,i_Action|i_Drama
2117,i_Action|i_Crime
2118,i_Drama
2119,i_Drama
2120,i_Mystery|i_Sci-Fi
2121,i_Drama
2122,i_Drama
2123,i_Drama
2124,i_Horror|i_Thriller
2125,i_Drama|i_Romance
2126,i_Comedy
2127,i_Comedy
2128,i_Drama|i_Thriller
2129,i_Comedy
2130,i_Action|i_Adventure|i_Sci-Fi|i_Thriller|i_War
2131,i_Documentary
2132,i_Comedy|i_Drama
2133,i_Comedy
2134,i_Drama|i_Thriller
2135,i_Horror
2136,i_Horror
2137,i_Drama
2138,i_Documentary
2139,i_Comedy|i_Romance
2140,i_Crime|i_Drama
2141,i_Drama
2142,i_Action|i_Thriller
2143,i_Comedy
2144,i_Drama
2145,i_Drama
2146,i_Horror|i_Mystery|i_Thriller
2147,i_Comedy|i_Romance
2148,i_Romance
2149,i_Drama
2150,i_Comedy
2151,i_Drama
2152,i_Action|i_Adventure|i_Drama|i_Thriller
2153,i_Drama
2154,i_Sci-Fi|i_Thriller
2155,i_Action
2156,i_Drama
2157,i_Comedy|i_Thriller
2158,i_Comedy
2159,i_Drama
2160,i_Comedy|i_Drama
2161,i_Action|i_Thriller
2162,i_Animation|i_Children's|i_Comedy
2163,i_Animation|i_Children's|i_Comedy
2164,i_Comedy
2165,i_Drama
2166,i_Drama
2167,i_Comedy
2168,i_Drama
2169,i_Comedy
2170,i_Drama
2171,i_Action|i_Sci-Fi
2172,i_Action|i_Sci-Fi
2173,i_Action|i_Sci-Fi
2174,i_Action|i_Adventure|i_Horror|i_year
2175,i_Action|i_Adventure|i_Horror
2176,i_Action|i_Adventure|i_Horror
2177,i_Comedy|i_Romance
2178,i_Action|i_Adventure|i_Drama
2179,i_Comedy
2180,i_Comedy
2181,i_Action|i_Adventure
2182,i_Comedy|i_Drama
2183,i_Comedy
2184,i_Action
2185,i_Horror|i_Sci-Fi
2186,i_Comedy
2187,i_Comedy
2188,i_Comedy
2189,i_Comedy
2190,i_Comedy
2191,i_Comedy
2192,i_Children's|i_Comedy
2193,i_Comedy|i_Romance
2194,i_Drama
2195,i_Comedy|i_Crime
2196,i_Drama|i_Romance
2197,i_Crime|i_Horror|i_Thriller
2198,i_Comedy
2199,i_Crime|i_Thriller
2200,i_Comedy|i_Drama
2201,i_Action|i_Sci-Fi
2202,i_Animation|i_Musical
2203,i_Comedy
2204,i_Comedy|i_Romance
2205,i_Drama
2206,i_Drama
2207,i_Adventure|i_Children's|i_Fantasy
2208,i_Children's|i_Drama
2209,i_Western
2210,i_Action|i_War
2211,i_Action
2212,i_Action|i_War
2213,i_Action|i_Adventure|i_Comedy|i_Romance
2214,i_Action|i_Adventure|i_Comedy|i_Romance
2215,i_Comedy|i_Sci-Fi
2216,i_Comedy|i_Sci-Fi
2217,i_Action|i_Drama
2218,i_Action|i_Drama
2219,i_Action|i_Drama
2220,i_Action|i_Drama
2221,i_Comedy|i_Mystery
2222,i_Action|i_Adventure|i_Mystery
2223,i_Drama|i_Romance
2224,i_Comedy
2225,i_Comedy|i_Drama
2226,i_Comedy
2227,i_Drama|i_Thriller
2228,i_Drama
2229,i_Action|i_Adventure|i_Drama
2230,i_Action|i_Adventure|i_Drama
2231,i_Comedy
2232,i_Comedy|i_Romance
2233,i_Crime
2234,i_Comedy|i_Drama|i_Romance
2235,i_Action|i_Drama|i_War
2236,i_Horror|i_Sci-Fi
2237,i_Adventure|i_Children's|i_Drama
2238,i_Adventure|i_Children's|i_Drama
2239,i_Comedy|i_Drama
2240,i_Drama
2241,i_Drama
2242,i_Drama
2243,i_Drama
2244,i_Comedy
2245,i_Drama
2246,i_Drama|i_Thriller
2247,i_Drama
2248,i_Drama
2249,i_Drama|i_Western
2250,i_Drama
2251,i_Drama|i_Romance
2252,i_Comedy|i_Drama
2253,i_Drama
2254,i_Thriller
2255,i_Comedy|i_Drama
2256,i_Horror|i_Sci-Fi
2257,i_Adventure|i_Children's
2258,i_Adventure|i_Children's|i_Sci-Fi
2259,i_Horror
2260,i_Horror
2261,i_Drama|i_Fantasy
2262,i_Horror|i_Sci-Fi
2263,i_Horror|i_Sci-Fi
2264,i_Horror|i_Sci-Fi
2265,i_Action|i_Comedy
2266,i_Comedy|i_Crime
2267,i_Horror
2268,i_Horror
2269,i_Horror
2270,i_Horror
2271,i_Comedy
2272,i_Horror
2273,i_Horror
2274,i_Drama
2275,i_Mystery
2276,i_Action|i_Comedy|i_Romance|i_Thriller
2277,i_Comedy|i_Romance
2278,i_Adventure|i_Comedy
2279,i_Adventure|i_Comedy
2280,i_Comedy
2281,i_Comedy
2282,i_Drama
2283,i_Action|i_Mystery|i_Thriller
2284,i_Action|i_War
2285,i_Adventure
2286,i_Comedy|i_Western
2287,i_Drama|i_Thriller
2288,i_Drama
2289,i_Drama|i_Romance
2290,i_Comedy|i_Romance
2291,i_Comedy|i_Horror|i_Thriller
2292,i_Comedy
2293,i_Comedy|i_Romance
2294,i_Drama
2295,i_Action|i_Comedy
2296,i_Drama|i_Horror|i_Thriller
2297,i_Action|i_Thriller
2298,i_Comedy|i_Romance
2299,i_Comedy
2300,i_Drama
2301,i_Documentary
2302,i_Animation|i_Sci-Fi
2303,i_Comedy|i_Romance
2304,i_Romance
2305,i_Comedy|i_Sci-Fi
2306,i_Comedy
2307,i_Comedy
2308,i_Drama
2309,i_Comedy|i_Romance
2310,i_Drama
2311,i_Comedy|i_Drama
2312,i_Thriller
2313,i_Comedy|i_Drama|i_Romance
2314,i_Comedy
2315,i_Comedy
2316,i_Comedy|i_Romance
2317,i_Crime
2318,i_Drama
2319,i_Horror
2320,i_Horror
2321,i_Horror
2322,i_Horror
2323,i_Horror
2324,i_Comedy
2325,i_Horror
2326,i_Drama
2327,i_Drama
2328,i_Drama
2329,i_Drama|i_Thriller
2330,i_Action|i_Drama
2331,i_Action|i_Horror|i_Sci-Fi
2332,i_Sci-Fi
2333,i_Action|i_Sci-Fi|i_Thriller|i_Western
2334,i_Action|i_Adventure|i_Sci-Fi
2335,i_Action|i_Sci-Fi
2336,i_Action|i_Sci-Fi
2337,i_Action|i_Sci-Fi
2338,i_Action|i_Sci-Fi
2339,i_Action|i_Sci-Fi
2340,i_Action
2341,i_Action
2342,i_Drama
2343,i_Adventure
2344,i_Documentary
2345,i_Comedy
2346,i_Action|i_Crime|i_Drama|i_Thriller
2347,i_Drama
2348,i_Comedy|i_Crime|i_Thriller
2349,i_Comedy
2350,i_Drama
2351,i_Comedy
2352,i_Drama
2353,i_Horror
2354,i_Action|i_Sci-Fi
2355,i_Horror|i_Thriller
2356,i_Drama|i_Thriller
2357,i_Comedy
2358,i_Horror|i_Sci-Fi|i_Thriller
2359,i_Horror|i_Sci-Fi|i_Thriller
2360,i_Comedy
2361,i_Comedy|i_Drama|i_Romance
2362,i_Drama
2363,i_Comedy|i_Romance
2364,i_Animation|i_Children's
2365,i_Drama|i_Horror
2366,i_Crime|i_Thriller
2367,i_Drama
2368,i_Drama
2369,i_Musical
2370,i_Animation|i_Children's
2371,i_Comedy
2372,i_Action|i_Crime
2373,i_Drama|i_Romance
2374,i_Drama|i_Romance
2375,i_Action|i_Sci-Fi|i_Thriller
2376,i_Comedy|i_Romance
2377,i_Drama
2378,i_Comedy
2379,i_Drama
2380,i_Drama
2381,i_Comedy|i_Drama
2382,i_Sci-Fi
2383,i_Drama
2384,i_Crime
2385,i_Comedy|i_Romance
2386,i_Action|i_Comedy
2387,i_Mystery
2388,i_Comedy
2389,i_Drama|i_Romance
2390,i_Comedy|i_Crime|i_Thriller
2391,i_Comedy
2392,i_Comedy|i_Drama|i_Romance
2393,i_Drama
2394,i_Comedy|i_Romance
2395,i_Drama
2396,i_Comedy
2397,i_Drama|i_Romance|i_Sci-Fi
2398,i_Comedy|i_Drama
2399,i_Comedy|i_Romance
2400,i_Comedy
2401,i_Comedy
2402,i_Action|i_Sci-Fi|i_Thriller
2403,i_Adventure|i_Sci-Fi
2404,i_Crime|i_Thriller
2405,i_Comedy|i_Horror
2406,i_Drama
2407,i_Thriller
2408,i_Drama
2409,i_Drama
2410,i_Drama
2411,i_Drama
2412,i_Action|i_Horror|i_Sci-Fi
2413,i_Action|i_Horror|i_Sci-Fi
2414,i_Adventure|i_Sci-Fi
2415,i_Action|i_Crime
2416,i_Action|i_Adventure|i_Horror|i_Thriller
2417,i_Comedy
2418,i_Drama
2419,i_Drama|i_Romance
2420,i_Drama|i_Romance
2421,i_Comedy|i_Fantasy
2422,i_Comedy
2423,i_Drama
2424,i_Action
2425,i_Comedy|i_Drama|i_Romance
2426,i_Documentary|i_Drama
2427,i_Action|i_Adventure|i_Fantasy|i_Sci-Fi
2428,i_Comedy|i_Romance
2429,i_Drama
2430,i_Comedy|i_Film-Noir|i_Thriller
2431,i_Drama
2432,i_Horror|i_Romance|i_year
2433,i_Horror
2434,i_Horror
2435,i_Horror
2436,i_Horror
2437,i_Horror
2438,i_Drama
2439,i_Action|i_Adventure|i_Sci-Fi
2440,i_Action|i_Adventure|i_Sci-Fi
2441,i_Action|i_Adventure|i_Sci-Fi
2442,i_Action|i_Adventure|i_Sci-Fi
2443,i_Horror|i_year
2444,i_Horror
2445,i_Horror
2446,i_Horror
2447,i_Horror|i_year
2448,i_Horror|i_year
2449,i_Horror
2450,i_Horror
2451,i_Horror
2452,i_Horror
2453,i_Horror
2454,i_Horror
2455,i_Horror|i_Sci-Fi
2456,i_Comedy|i_Horror|i_Musical|i_Sci-Fi
2457,i_Sci-Fi
2458,i_Comedy|i_Documentary
2459,i_Sci-Fi
2460,i_Sci-Fi
2461,i_Action|i_Sci-Fi|i_War
2462,i_Sci-Fi
2463,i_Horror|i_Sci-Fi
2464,i_Sci-Fi
2465,i_Sci-Fi
2466,i_Sci-Fi
2467,i_Horror|i_Sci-Fi
2468,i_War
2469,i_War
2470,i_Comedy|i_Romance
2471,i_Drama|i_Sci-Fi|i_Thriller
2472,i_Drama
2473,i_Drama
2474,i_Comedy|i_Drama|i_Romance
2475,i_Drama|i_Thriller
2476,i_Documentary
2477,i_Drama
2478,i_Drama|i_Romance
2479,i_Comedy|i_Romance|i_Sci-Fi
2480,i_Drama
2481,i_Comedy
2482,i_Comedy|i_Drama
2483,i_Drama|i_Mystery
2484,i_Animation|i_Children's
2485,i_Drama|i_Thriller
2486,i_Documentary
2487,i_Comedy
2488,i_Drama
2489,i_Action|i_Crime|i_Romance
2490,i_Documentary
2491,i_Comedy
2492,i_Drama
2493,i_Comedy
2494,i_Comedy|i_Drama|i_Romance
2495,i_Action|i_Comedy|i_Sci-Fi|i_Thriller
2496,i_Animation|i_Comedy
2497,i_Action|i_Sci-Fi|i_Western
2498,i_Drama
2499,i_Drama
2500,i_Drama|i_Romance
2501,i_Drama
2502,i_Comedy
2503,i_Thriller
2504,i_Romance
2505,i_Children's|i_Comedy
2506,i_Horror
2507,i_Drama
2508,i_Drama
2509,i_Horror|i_Thriller
2510,i_Drama
2511,i_Comedy|i_Romance
2512,i_Comedy|i_Horror
2513,i_Comedy|i_Horror
2514,i_Comedy
2515,i_Horror|i_Thriller
2516,i_Action|i_Adventure|i_Children's|i_Comedy
2517,i_Romance
2518,i_Action|i_Sci-Fi|i_Thriller
2519,i_Action|i_Adventure|i_Comedy
2520,i_Comedy|i_Romance
2521,i_Drama
2522,i_Crime|i_Film-Noir
2523,i_Film-Noir
2524,i_Drama
2525,i_Drama
2526,i_Drama
2527,i_Drama
2528,i_Drama
2529,i_Adventure|i_Comedy
2530,i_Drama
2531,i_Action|i_Adventure|i_Comedy
2532,i_Comedy
2533,i_Action
2534,i_Comedy|i_Drama
2535,i_Drama
2536,i_Horror
2537,i_Action|i_Thriller
2538,i_Comedy|i_Drama
2539,i_Drama
2540,i_Drama
2541,i_Drama
2542,i_Comedy|i_Horror|i_Musical
2543,i_Comedy|i_Horror
2544,i_Action|i_Adventure
2545,i_Drama|i_Mystery
2546,i_Comedy|i_Drama
2547,i_Comedy
2548,i_Comedy|i_Mystery
2549,i_Thriller
2550,i_Horror
2551,i_Drama
2552,i_Action
2553,i_Drama
2554,i_Drama
2555,i_Comedy
2556,i_Drama
2557,i_Animation|i_Children's
2558,i_Thriller
2559,i_Action|i_Thriller
2560,i_Crime|i_Drama|i_Thriller
2561,i_Comedy|i_Drama
2562,i_Comedy|i_Drama
2563,i_Comedy
2564,i_Comedy
2565,i_Crime|i_Mystery
2566,i_Comedy
2567,i_Drama
2568,i_Comedy
2569,i_Drama
2570,i_Comedy|i_Romance
2571,i_Drama
2572,i_Documentary
2573,i_Drama|i_year
2574,i_Thriller
2575,i_Comedy
2576,i_Comedy|i_Horror
2577,i_Horror
2578,i_Horror
2579,i_Horror
2580,i_Horror
2581,i_Horror
2582,i_Comedy
2583,i_Horror
2584,i_Comedy
2585,i_Horror
2586,i_Horror
2587,i_Comedy
2588,i_Comedy
2589,i_Comedy|i_Horror
2590,i_Comedy
2591,i_Comedy
2592,i_Comedy
2593,i_Comedy|i_Fantasy
2594,i_Comedy
2595,i_Comedy
2596,i_Animation|i_Children's
2597,i_Drama|i_Romance
2598,i_Action|i_Romance|i_Thriller
2599,i_Thriller
2600,i_Comedy|i_Drama
2601,i_Comedy|i_Romance
2602,i_Comedy|i_Thriller
2603,i_Action|i_Sci-Fi
2604,i_Action|i_Sci-Fi
2605,i_Comedy
2606,i_Animation|i_Mystery
2607,i_Comedy
2608,i_Action|i_Thriller
2609,i_Documentary
2610,i_Horror
2611,i_Action|i_War
2612,i_Action|i_War
2613,i_Action|i_War
2614,i_Action|i_War
2615,i_Thriller
2616,i_Drama
2617,i_Adventure|i_Drama|i_year
2618,i_Adventure|i_Romance
2619,i_Action|i_Drama|i_year
2620,i_Documentary
2621,i_Drama
2622,i_Action|i_Horror|i_Thriller
2623,i_Sci-Fi|i_Thriller
2624,i_Children's|i_Comedy
2625,i_Comedy|i_Drama
2626,i_Drama
2627,i_Drama
2628,i_Romance|i_War
2629,i_Comedy|i_Romance
2630,i_Action|i_Thriller
2631,i_Comedy
2632,i_Comedy|i_Romance
2633,i_Drama
2634,i_Thriller
2635,i_Thriller
2636,i_Crime|i_Drama
2637,i_Comedy|i_Romance
2638,i_Drama|i_Mystery
2639,i_Drama
2640,i_Children's
2641,i_Drama|i_year
2642,i_Drama
2643,i_Comedy|i_Drama
2644,i_Drama|i_Thriller
2645,i_Adventure|i_Sci-Fi|i_Thriller
2646,i_Drama
2647,i_Horror
2648,i_Horror
2649,i_Horror
2650,i_Thriller
2651,i_Animation|i_Musical
2652,i_Comedy|i_Drama
2653,i_Documentary
2654,i_Comedy
2655,i_Comedy|i_Drama
2656,i_Drama
2657,i_Comedy|i_Musical
2658,i_Comedy
2659,i_Comedy
2660,i_Drama
2661,i_Comedy|i_Horror
2662,i_Horror
2663,i_Drama
2664,i_Comedy
2665,i_Adventure|i_Thriller
2666,i_Action|i_Drama|i_Fantasy|i_Romance
2667,i_Drama|i_Mystery|i_Romance
2668,i_Comedy
2669,i_Drama|i_Mystery|i_Romance
2670,i_Animation|i_Children's
2671,i_Drama|i_Musical
2672,i_Horror
2673,i_Action|i_Adventure|i_Comedy
2674,i_Action|i_Adventure|i_Comedy
2675,i_Action|i_Thriller
2676,i_Drama
2677,i_Comedy
2678,i_Comedy|i_Romance
2679,i_Drama|i_Romance
2680,i_Children's|i_Comedy
2681,i_Drama
2682,i_Comedy|i_Romance
2683,i_Comedy
2684,i_Drama|i_War
2685,i_Comedy
2686,i_Action|i_Drama
2687,i_Action|i_Drama
2688,i_Drama|i_Romance
2689,i_Adventure
2690,i_Western
2691,i_Comedy|i_War
2692,i_Horror|i_Mystery
2693,i_Adventure|i_Animation|i_Children's|i_year
2694,i_Horror|i_Sci-Fi
2695,i_Horror|i_Sci-Fi
2696,i_Horror|i_Thriller
2697,i_Horror|i_Thriller
2698,i_Drama|i_year
2699,i_Action|i_Adventure
2700,i_Drama|i_Romance
2701,i_Comedy
2702,i_Drama
2703,i_Documentary
2704,i_Drama
2705,i_Action|i_Crime|i_Drama
2706,i_Comedy
2707,i_Comedy|i_Drama
2708,i_Comedy
2709,i_Action|i_Adventure|i_Sci-Fi|i_Thriller
2710,i_Crime|i_Thriller
2711,i_Comedy
2712,i_Drama|i_Romance
2713,i_Drama|i_Romance
2714,i_Western
2715,i_Western
2716,i_Comedy
2717,i_Action|i_Comedy
2718,i_Drama
2719,i_Comedy|i_Drama
2720,i_Drama|i_Romance
2721,i_Drama
2722,i_Drama
2723,i_Documentary
2724,i_Drama
2725,i_Drama
2726,i_Drama
2727,i_Musical
2728,i_Comedy|i_Romance
2729,i_Comedy
2730,i_Comedy
2731,i_Drama
2732,i_Drama|i_Thriller
2733,i_Film-Noir
2734,i_Musical|i_Romance|i_War
2735,i_Drama|i_Romance
2736,i_Drama|i_Romance
2737,i_Action|i_War
2738,i_Mystery
2739,i_Comedy|i_Musical
2740,i_Action
2741,i_Action
2742,i_Action
2743,i_Adventure|i_Drama|i_Romance
2744,i_Action|i_Western
2745,i_Crime|i_Thriller
2746,i_Children's|i_Comedy
2747,i_Drama
2748,i_Action|i_Crime|i_Thriller
2749,i_Drama
2750,i_Drama
2751,i_Comedy|i_Drama
2752,i_Comedy|i_Romance
2753,i_Crime|i_Drama
2754,i_Drama
2755,i_Action
2756,i_Drama
2757,i_Drama|i_Thriller
2758,i_Adventure|i_Fantasy|i_Sci-Fi
2759,i_Drama|i_Romance
2760,i_Adventure|i_Drama
2761,i_Musical
2762,i_Drama|i_War
2763,i_Comedy
2764,i_Horror|i_Thriller
2765,i_Drama
2766,i_Drama|i_Horror
2767,i_Comedy|i_Drama
2768,i_Comedy|i_Romance
2769,i_Drama
2770,i_Documentary
2771,i_Horror|i_Thriller
2772,i_Thriller
2773,i_Documentary
2774,i_Action|i_Crime|i_Sci-Fi
2775,i_Action|i_Crime|i_Sci-Fi
2776,i_Adventure|i_Animation|i_Film-Noir
2777,i_Drama
2778,i_Action
2779,i_Action
2780,i_Action
2781,i_Horror|i_Thriller
2782,i_Action
2783,i_Drama
2784,i_Horror
2785,i_Drama
2786,i_Comedy
2787,i_Romance
2788,i_Comedy
2789,i_Action|i_Adventure|i_Animation
2790,i_Drama
2791,i_Documentary
2792,i_Comedy|i_Drama
2793,i_Comedy|i_Romance
2794,i_Thriller
2795,i_Drama
2796,i_Documentary
2797,i_Thriller
2798,i_Drama
2799,i_Drama
2800,i_Comedy|i_year
2801,i_Comedy|i_Horror
2802,i_Comedy
2803,i_Thriller
2804,i_Horror
2805,i_Horror
2806,i_Horror
2807,i_Crime|i_Drama
2808,i_Action|i_Drama
2809,i_Horror
2810,i_Comedy|i_year
2811,i_Horror|i_Sci-Fi
2812,i_Western
2813,i_Horror
2814,i_Horror
2815,i_Comedy
2816,i_Action|i_Drama
2817,i_Comedy|i_Drama|i_Western
2818,i_Comedy
2819,i_Sci-Fi
2820,i_Comedy|i_Sci-Fi
2821,i_Animation|i_Children's
2822,i_Comedy|i_Drama|i_War
2823,i_Adventure
2824,i_Comedy|i_Drama|i_Western
2825,i_Drama
2826,i_Comedy
2827,i_Comedy
2828,i_Comedy
2829,i_Comedy
2830,i_Comedy
2831,i_Mystery|i_Romance|i_Thriller
2832,i_Comedy|i_Drama
2833,i_Comedy|i_Romance
2834,i_Drama
2835,i_Comedy
2836,i_Comedy|i_War
2837,i_Drama
2838,i_Drama
2839,i_Comedy
2840,i_Drama|i_War
2841,i_Animation|i_Children's
2842,i_Thriller
2843,i_Thriller
2844,i_Comedy
2845,i_Horror|i_Sci-Fi
2846,i_Comedy|i_Drama
2847,i_Comedy|i_Musical
2848,i_Action|i_Drama|i_War
2849,i_Thriller
2850,i_Thriller
2851,i_Drama
2852,i_War
2853,i_Comedy|i_Drama
2854,i_Drama
2855,i_Drama
2856,i_Adventure|i_Comedy|i_Sci-Fi
2857,i_Drama
2858,i_Comedy
2859,i_Drama|i_Romance
2860,i_Western
2861,i_Thriller
2862,i_Comedy
2863,i_Documentary
2864,i_Drama
2865,i_Drama
2866,i_Horror|i_Romance
2867,i_Action|i_Thriller
2868,i_Comedy|i_Drama
2869,i_Documentary
2870,i_Horror
2871,i_Comedy|i_year
2872,i_Comedy
2873,i_Comedy
2874,i_Drama
2875,i_Drama
2876,i_Drama|i_War
2877,i_Drama
2878,i_Drama|i_Western
2879,i_Drama|i_Romance
2880,i_Drama
2881,i_Comedy
2882,i_Comedy|i_Romance
2883,i_Drama
2884,i_Comedy|i_Romance
2885,i_Drama
2886,i_Thriller
2887,i_Thriller
2888,i_Drama|i_Romance
2889,i_Action|i_Adventure|i_Comedy|i_Crime
2890,i_Drama
2891,i_Drama|i_Romance
2892,i_Action|i_Drama
2893,i_Comedy|i_Drama|i_Romance
2894,i_Drama
2895,i_Drama
2896,i_Drama
2897,i_Drama
2898,i_Action|i_Thriller
2899,i_Animation|i_Children's|i_Comedy
2900,i_Drama
2901,i_Drama
2902,i_Drama|i_Romance|i_War
2903,i_Drama
2904,i_Horror
2905,i_Comedy
2906,i_Film-Noir
2907,i_Drama|i_Romance|i_Western
2908,i_Comedy
2909,i_Comedy|i_Drama
2910,i_Drama
2911,i_Drama
2912,i_Drama
2913,i_Drama
2914,i_Comedy|i_Drama
2915,i_Comedy
2916,i_Comedy
2917,i_Comedy|i_year
2918,i_Comedy|i_year
2919,i_Drama|i_War|i_year
2920,i_Drama
2921,i_Documentary
2922,i_Action|i_War
2923,i_Drama
2924,i_Action|i_Adventure|i_year
2925,i_Comedy|i_year
2926,i_Drama
2927,i_Documentary|i_Musical
2928,i_Drama|i_War
2929,i_Comedy|i_Romance
2930,i_Drama
2931,i_Comedy
2932,i_Drama|i_Thriller
2933,i_Drama
2934,i_Mystery
2935,i_Drama
2936,i_Crime|i_Drama|i_Mystery|i_year
2937,i_Drama
2938,i_Action|i_Adventure|i_Fantasy
2939,i_Drama|i_War
2940,i_Drama|i_Romance
2941,i_Comedy|i_Drama|i_Sci-Fi
2942,i_Children's|i_Comedy
2943,i_Drama
2944,i_Animation|i_Children's|i_Musical
2945,i_Drama
2946,i_Drama
2947,i_Comedy|i_Drama
2948,i_Drama
2949,i_Drama
2950,i_Action|i_Drama
2951,i_Adventure
2952,i_Drama
2953,i_Adventure|i_Drama
2954,i_Drama
2955,i_Drama
2956,i_Adventure
2957,i_Drama
2958,i_Comedy|i_Drama
2959,i_Adventure|i_Comedy|i_Sci-Fi
2960,i_Drama|i_Mystery|i_Thriller
2961,i_Comedy
2962,i_Drama
2963,i_Drama
2964,i_Comedy|i_Drama
2965,i_Drama
2966,i_Documentary
2967,i_Drama
2968,i_Action|i_Comedy|i_Crime|i_Drama
2969,i_Drama
2970,i_Drama
2971,i_Drama
2972,i_Documentary
2973,i_Comedy
2974,i_Adventure|i_Sci-Fi
2975,i_Drama
2976,i_Drama
2977,i_Drama|i_War
2978,i_Action
2979,i_Drama
2980,i_Comedy|i_Musical|i_Romance
2981,i_Comedy|i_Drama
2982,i_Drama
2983,i_Drama
2984,i_Thriller
2985,i_Thriller
2986,i_Horror
2987,i_Romance
2988,i_Adventure
2989,i_Action|i_Comedy
2990,i_Drama
2991,i_Comedy
2992,i_Drama
2993,i_Drama
2994,i_Animation|i_Children's
2995,i_Drama
2996,i_Drama
2997,i_Horror
2998,i_Drama|i_year
2999,i_Drama
3000,i_Thriller
3001,i_Drama
3002,i_Drama
3003,i_Drama
3004,i_Drama
3005,i_Drama
3006,i_Comedy|i_Romance
3007,i_Comedy
3008,i_Crime|i_Drama
3009,i_Thriller
3010,i_Comedy|i_year
3011,i_Comedy
3012,i_Comedy
3013,i_Western
3014,i_Documentary
3015,i_Thriller
3016,i_Comedy
3017,i_Comedy
3018,i_Comedy
3019,i_Comedy
3020,i_Comedy
3021,i_Comedy|i_Romance
3022,i_Drama
3023,i_Drama
3024,i_Comedy|i_Crime
3025,i_Comedy
3026,i_Thriller
3027,i_Drama
3028,i_Drama|i_Mystery
3029,i_Drama
3030,i_Comedy
3031,i_Comedy
3032,i_Comedy|i_Drama
3033,i_Action|i_Thriller
3034,i_Action|i_Drama|i_Romance|i_Thriller
3035,i_Comedy
3036,i_Drama|i_Romance
3037,i_Drama
3038,i_Comedy|i_Drama|i_Romance
3039,i_Drama|i_Mystery
3040,i_Comedy
3041,i_Comedy|i_Horror
3042,i_Action|i_Crime
3043,i_Action|i_Comedy|i_Crime|i_Drama
3044,i_Action|i_Thriller
3045,i_Action|i_Comedy
3046,i_Adventure|i_Romance|i_Sci-Fi
3047,i_Drama
3048,i_Drama
3049,i_Crime|i_Drama
3050,i_Horror|i_Mystery|i_Thriller
3051,i_Action
3052,i_Action|i_Comedy
3053,i_Comedy
3054,i_Drama
3055,i_Horror
3056,i_Documentary
3057,i_Comedy
3058,i_Action
3059,i_Comedy|i_Romance
3060,i_Adventure|i_Drama
3061,i_Comedy
3062,i_Animation|i_Children's
3063,i_Drama
3064,i_Drama
3065,i_Comedy
3066,i_Thriller
3067,i_Film-Noir
3068,i_Drama|i_Sci-Fi
3069,i_Horror
3070,i_Drama
3071,i_Drama
3072,i_Documentary|i_year
3073,i_Drama
3074,i_Comedy|i_Drama
3075,i_Action|i_Sci-Fi
3076,i_Comedy|i_Crime
3077,i_Comedy
3078,i_Documentary
3079,i_Crime|i_Drama
3080,i_Film-Noir|i_Horror
3081,i_Comedy|i_year
3082,i_Comedy|i_Drama|i_Romance|i_year
3083,i_Comedy|i_Drama
3084,i_Comedy|i_year
3085,i_Action|i_year
3086,i_Western
3087,i_Drama
3088,i_Comedy
3089,i_Action|i_Drama
3090,i_Musical
3091,i_Action|i_Thriller
3092,i_Comedy|i_Drama
3093,i_Thriller
3094,i_Drama
3095,i_Comedy|i_Romance
3096,i_Comedy
3097,i_Comedy
3098,i_Comedy|i_Crime
3099,i_Comedy
3100,i_Comedy|i_Drama
3101,i_Comedy|i_Sci-Fi
3102,i_Documentary
3103,i_Crime|i_Drama
3104,i_Drama
3105,i_Drama
3106,i_Drama
3107,i_Drama
3108,i_Crime|i_Drama|i_Film-Noir|i_Thriller
3109,i_Crime|i_Drama
3110,i_Drama
3111,i_Comedy|i_Drama
3112,i_Documentary
3113,i_War
3114,i_Horror|i_Sci-Fi
3115,i_Comedy
3116,i_Drama|i_War
3117,i_Comedy|i_Drama|i_Romance
3118,i_Horror
3119,i_Adventure|i_Children's
3120,i_Horror
3121,i_Drama
3122,i_Comedy
3123,i_Drama
3124,i_Horror
3125,i_Drama
3126,i_Comedy|i_Romance
3127,i_Sci-Fi
3128,i_Thriller
3129,i_Drama|i_Romance
3130,i_Comedy|i_Romance
3131,i_Drama
3132,i_Drama
3133,i_Comedy
3134,i_Comedy|i_Crime|i_Drama
3135,i_Comedy|i_Drama
3136,i_Crime|i_Film-Noir
3137,i_Western
3138,i_Action|i_Adventure|i_War
3139,i_War
3140,i_Romance|i_Western
3141,i_Drama|i_Thriller
3142,i_Drama
3143,i_Action|i_War
3144,i_Western
3145,i_Drama
3146,i_Sci-Fi
3147,i_Romance
3148,i_Drama|i_War
3149,i_Drama
3150,i_Drama
3151,i_Film-Noir
3152,i_Comedy|i_Drama
3153,i_Drama|i_year
3154,i_Action
3155,i_Comedy
3156,i_Drama|i_Mystery
3157,i_Comedy
3158,i_Comedy
3159,i_Action|i_Adventure
3160,i_Adventure
3161,i_Comedy
3162,i_Comedy
3163,i_Comedy|i_Fantasy
3164,i_Comedy|i_Romance
3165,i_Comedy
3166,i_Children's|i_Comedy
3167,i_Children's|i_Comedy
3168,i_Children's|i_Comedy
3169,i_Children's|i_Comedy
3170,i_Animation|i_Children's
3171,i_Adventure|i_Sci-Fi
3172,i_Drama
3173,i_Drama|i_Thriller
3174,i_Action|i_Drama
3175,i_Action|i_Drama
3176,i_Action|i_Adventure|i_War
3177,i_Comedy|i_Drama
3178,i_Drama
3179,i_Drama|i_Thriller
3180,i_Comedy|i_Drama
3181,i_Adventure
3182,i_Crime|i_Drama
3183,i_Romance
3184,i_Drama
3185,i_Drama
3186,i_Adventure|i_Comedy|i_Sci-Fi
3187,i_Action|i_Drama
3188,i_Comedy|i_Crime
3189,i_Drama|i_Thriller
3190,i_Comedy
3191,i_Comedy|i_Romance
3192,i_Drama
3193,i_Comedy|i_Drama
3194,i_Drama
3195,i_Drama|i_Romance
3196,i_Crime
3197,i_Drama
3198,i_Animation|i_Comedy
3199,i_Action|i_Drama
3200,i_Action|i_Drama
3201,i_Action|i_Drama
3202,i_Action|i_Drama
3203,i_Action|i_Drama
3204,i_Crime|i_Film-Noir
3205,i_Drama|i_Romance
3206,i_Drama
3207,i_Action|i_Children's|i_Fantasy
3208,i_Action|i_Children's|i_Fantasy
3209,i_Action|i_Children's|i_Fantasy
3210,i_Action|i_War
3211,i_Action
3212,i_Action|i_Drama|i_Thriller
3213,i_Action
3214,i_Mystery|i_Thriller
3215,i_Comedy
3216,i_Drama|i_year
3217,i_Comedy|i_Drama|i_War
3218,i_Drama
3219,i_Comedy
3220,i_Comedy|i_Drama
3221,i_Action|i_Romance
3222,i_Drama|i_Romance
3223,i_Comedy|i_Romance
3224,i_Drama
3225,i_Drama
3226,i_Drama|i_Romance
3227,i_Drama|i_Horror
3228,i_Comedy
3229,i_Adventure|i_Drama|i_Thriller
3230,i_Comedy|i_year
3231,i_Comedy
3232,i_Sci-Fi|i_Thriller
3233,i_Drama
3234,i_Comedy|i_Fantasy
3235,i_Drama|i_Western
3236,i_Drama
3237,i_Drama
3238,i_Adventure|i_Drama
3239,i_Drama|i_Sci-Fi
3240,i_Horror
3241,i_Comedy
3242,i_Sci-Fi|i_Thriller
3243,i_Drama|i_Romance
3244,i_Horror|i_Mystery|i_Thriller
3245,i_Comedy|i_Drama
3246,i_Drama
3247,i_Adventure|i_Fantasy|i_Romance
3248,i_Drama
3249,i_Comedy
3250,i_Drama
3251,i_Animation|i_Children's
3252,i_Thriller
3253,i_Horror
3254,i_Sci-Fi
3255,i_Western
3256,i_Horror|i_Sci-Fi
3257,i_Adventure|i_Fantasy
3258,i_Horror
3259,i_Comedy
3260,i_Adventure|i_year
3261,i_Horror
3262,i_Adventure|i_Western
3263,i_Comedy|i_Drama
3264,i_Drama
3265,i_Comedy
3266,i_Drama
3267,i_Horror
3268,i_Comedy|i_Drama
3269,i_Comedy|i_Romance
3270,i_Drama
3271,i_Drama|i_Sci-Fi
3272,i_Comedy|i_Drama
3273,i_Thriller
3274,i_Comedy|i_Drama
3275,i_Comedy
3276,i_Western
3277,i_Drama
3278,i_Drama|i_Thriller
3279,i_Comedy
3280,i_Drama|i_Romance
3281,i_Drama|i_Thriller
3282,i_Drama
3283,i_Comedy
3284,i_Comedy|i_Romance
3285,i_Crime|i_Drama|i_year
3286,i_Drama|i_Thriller
3287,i_Action|i_War
3288,i_Comedy
3289,i_Comedy|i_Crime|i_Drama
3290,i_Drama
3291,i_Action|i_Thriller
3292,i_Comedy|i_Romance
3293,i_Comedy
3294,i_Comedy|i_Drama
3295,i_Action|i_Sci-Fi|i_Thriller
3296,i_Drama|i_Romance
3297,i_Crime|i_Thriller
3298,i_Comedy
3299,i_Comedy|i_Drama|i_Romance
3300,i_Comedy|i_year
3301,i_Drama
3302,i_Comedy
3303,i_Comedy|i_Horror|i_Thriller
3304,i_Comedy|i_Romance
3305,i_Comedy|i_Drama
3306,i_Comedy
3307,i_Documentary
3308,i_Romance|i_Thriller
3309,i_Drama
3310,i_Comedy|i_Drama
3311,i_Comedy
3312,i_Musical|i_War
3313,i_Drama|i_Thriller
3314,i_Drama
3315,i_Comedy|i_Drama
3316,i_Musical
3317,i_Horror
3318,i_Thriller
3319,i_Comedy
3320,i_Drama|i_Thriller
3321,i_Drama|i_Romance
3322,i_Action|i_Thriller
3323,i_Comedy|i_Drama
3324,i_Thriller
3325,i_Drama
3326,i_Comedy|i_Drama
3327,i_Action|i_Horror
3328,i_Children's|i_Comedy
3329,i_Comedy|i_Drama
3330,i_Comedy|i_Drama
3331,i_Comedy
3332,i_Drama
3333,i_Comedy|i_Drama
3334,i_Drama
3335,i_Drama
3336,i_Horror|i_Sci-Fi
3337,i_Horror|i_Sci-Fi
3338,i_Horror|i_Sci-Fi
3339,i_Drama
3340,i_Action|i_Horror|i_Sci-Fi
3341,i_Drama
3342,i_Action|i_Drama
3343,i_Drama
3344,i_Drama
3345,i_Drama
3346,i_Action|i_Drama|i_Romance|i_Thriller
3347,i_Adventure|i_War
3348,i_Drama
3349,i_Horror
3350,i_Crime|i_Drama
3351,i_Comedy
3352,i_Comedy|i_Drama
3353,i_Animation|i_Sci-Fi
3354,i_Action|i_Sci-Fi
3355,i_Drama
3356,i_Comedy
3357,i_Comedy
3358,i_Comedy
3359,i_Drama
3360,i_Comedy|i_Musical
3361,i_Comedy|i_Musical
3362,i_Comedy|i_Western
3363,i_Musical
3364,i_Comedy
3365,i_Musical
3366,i_Drama|i_Musical
3367,i_Musical
3368,i_Comedy|i_Drama|i_Western
3369,i_Comedy
3370,i_Documentary
3371,i_Musical
3372,i_Animation|i_Children's|i_Comedy
3373,i_Adventure|i_Musical|i_Romance
3374,i_Comedy
3375,i_Comedy|i_Romance
3376,i_Animation|i_Children's
3377,i_Comedy|i_Romance
3378,i_Comedy
3379,i_Comedy
3380,i_Comedy
3381,i_Comedy|i_Drama
3382,i_Drama|i_Horror
3383,i_Comedy
3384,i_Action|i_Thriller
3385,i_Action
3386,i_Documentary
3387,i_Comedy
3388,i_Horror|i_Thriller
3389,i_Action|i_Drama|i_War
3390,i_Comedy|i_year
3391,i_Comedy
3392,i_Comedy
3393,i_Action
3394,i_Thriller
3395,i_Action
3396,i_Drama
3397,i_Drama
3398,i_Action|i_Romance|i_Sci-Fi
3399,i_Action
3400,i_Comedy|i_Drama
3401,i_Drama|i_year
3402,i_Western
3403,i_Action|i_Drama|i_War
3404,i_Western
3405,i_Drama
3406,i_Comedy
3407,i_Drama
3408,i_Horror|i_Sci-Fi
3409,i_Drama
3410,i_Horror
3411,i_Horror
3412,i_Documentary
3413,i_Action|i_Drama|i_War
3414,i_Drama
3415,i_Crime
3416,i_Drama
3417,i_Sci-Fi
3418,i_Sci-Fi|i_Thriller
3419,i_Horror|i_Sci-Fi|i_Thriller
3420,i_Horror|i_Sci-Fi|i_Thriller
3421,i_Horror|i_Sci-Fi|i_Thriller
3422,i_Horror|i_Sci-Fi|i_Thriller
3423,i_Horror|i_Sci-Fi|i_Thriller
3424,i_Horror|i_Sci-Fi|i_Thriller
3425,i_Horror|i_Sci-Fi|i_Thriller
3426,i_Action|i_Comedy
3427,i_Drama|i_Romance
3428,i_Comedy
3429,i_War
3430,i_Comedy|i_Western
3431,i_Adventure|i_Children's
3432,i_Adventure|i_Children's
3433,i_Adventure|i_Children's
3434,i_Musical
3435,i_Drama|i_Horror
3436,i_Documentary
3437,i_Drama
3438,i_Documentary
3439,i_Documentary
3440,i_Western
3441,i_Western
3442,i_Drama|i_Film-Noir
3443,i_Drama|i_Romance
3444,i_Comedy|i_Drama|i_Romance
3445,i_Thriller
3446,i_Sci-Fi
3447,i_Comedy
3448,i_Comedy
3449,i_Comedy
3450,i_Comedy
3451,i_Comedy|i_Horror
3452,i_Comedy|i_Horror
3453,i_Comedy|i_Horror
3454,i_Comedy|i_Horror
3455,i_Comedy|i_Horror|i_Sci-Fi
3456,i_Action|i_Sci-Fi|i_Thriller
3457,i_Action|i_Adventure|i_Sci-Fi
3458,i_Adventure|i_Drama|i_Romance|i_Sci-Fi
3459,i_Drama|i_Sci-Fi
3460,i_Crime|i_Drama|i_Sci-Fi
3461,i_Action|i_Sci-Fi
3462,i_Action|i_Sci-Fi
3463,i_Action|i_Sci-Fi
3464,i_Action|i_Adventure|i_Romance|i_Thriller
3465,i_Film-Noir|i_Mystery|i_Thriller
3466,i_Drama
3467,i_Horror|i_Thriller
3468,i_Horror
3469,i_Action|i_Comedy
3470,i_Drama
3471,i_Comedy
3472,i_Drama
3473,i_Drama
3474,i_Comedy
3475,i_Action|i_Crime
3476,i_Action|i_Crime
3477,i_Documentary
3478,i_Comedy|i_Romance
3479,i_Drama
3480,i_Comedy
3481,i_Comedy
3482,i_Drama
3483,i_Drama|i_War
3484,i_Animation|i_Musical
3485,i_Action|i_Thriller
3486,i_Comedy|i_Horror
3487,i_Thriller
3488,i_Action|i_Crime
3489,i_Drama|i_Mystery
3490,i_Drama|i_Thriller
3491,i_Horror
3492,i_Drama
3493,i_Drama
3494,i_Crime|i_Drama
3495,i_Drama
3496,i_Drama|i_Western
3497,i_Drama
3498,i_Comedy|i_Romance|i_year
3499,i_Action|i_Comedy
3500,i_Crime|i_Drama
3501,i_Drama|i_War|i_year
3502,i_Comedy|i_Romance
3503,i_Action|i_Crime
3504,i_Adventure|i_Animation|i_Sci-Fi
3505,i_Drama|i_War
3506,i_Drama
3507,i_Comedy|i_Romance
3508,i_Drama
3509,i_Animation|i_Children's|i_Comedy
3510,i_Comedy
3511,i_Action|i_Drama|i_War
3512,i_Animation|i_Children's|i_Comedy
3513,i_Action|i_Adventure|i_Thriller
3514,i_Drama
3515,i_Horror
3516,i_Drama|i_Sci-Fi|i_Thriller
3517,i_Animation|i_Children's|i_Musical
3518,i_Comedy
3519,i_Crime|i_Drama
3520,i_Horror
3521,i_Action|i_Crime|i_Thriller
3522,i_Action|i_Crime|i_Thriller
3523,i_Drama|i_Romance
3524,i_Action|i_War
3525,i_Action|i_War
3526,i_Action|i_War
3527,i_Action
3528,i_Adventure|i_Crime|i_Sci-Fi|i_Thriller
3529,i_Action|i_Adventure
3530,i_Horror
3531,i_Comedy
3532,i_Comedy
3533,i_Animation|i_Children's|i_Musical
3534,i_Animation|i_Children's|i_Musical
3535,i_Comedy|i_Horror
3536,i_Comedy|i_Drama
3537,i_Sci-Fi
3538,i_Sci-Fi
3539,i_Action|i_Crime
3540,i_Action|i_Crime
3541,i_Crime|i_Drama
3542,i_Comedy
3543,i_Comedy|i_Horror
3544,i_Comedy
3545,i_Comedy
3546,i_Drama|i_Mystery
3547,i_Drama
3548,i_Drama
3549,i_Drama
3550,i_Western
3551,i_Action|i_Sci-Fi
3552,i_Comedy|i_Drama
3553,i_Drama
3554,i_Romance|i_Thriller
3555,i_Thriller
3556,i_Thriller
3557,i_Animation|i_Children's
3558,i_Drama|i_Romance
3559,i_Drama|i_Mystery
3560,i_Action|i_Sci-Fi
3561,i_Drama
3562,i_Comedy
3563,i_Action|i_Adventure|i_Drama
3564,i_Western
3565,i_Action|i_Adventure
3566,i_Drama|i_War
3567,i_Comedy
3568,i_Drama|i_Thriller
3569,i_Drama|i_War
3570,i_Comedy
3571,i_Drama
3572,i_Comedy
3573,i_Drama
3574,i_Comedy|i_Drama
3575,i_Comedy|i_Musical
3576,i_Comedy
3577,i_Children's
3578,i_Comedy
3579,i_Drama|i_Romance
3580,i_Drama
3581,i_Drama|i_Romance
3582,i_Drama
3583,i_Horror|i_Sci-Fi|i_Thriller
3584,i_Action|i_Sci-Fi
3585,i_Comedy
3586,i_Comedy|i_Horror|i_Thriller
3587,i_Comedy
3588,i_Horror
3589,i_Horror|i_Sci-Fi
3590,i_Adventure|i_Drama|i_Romance
3591,i_Thriller
3592,i_Action|i_Comedy|i_War
3593,i_Horror
3594,i_Horror
3595,i_Horror
3596,i_Horror
3597,i_Action|i_Comedy
3598,i_Horror
3599,i_Horror
3600,i_Drama
3601,i_Drama
3602,i_Comedy
3603,i_Horror
3604,i_Drama|i_Thriller
3605,i_Thriller
3606,i_Crime|i_Thriller
3607,i_Comedy
3608,i_Comedy
3609,i_Drama
3610,i_Drama|i_Romance
3611,i_Drama|i_Romance
3612,i_Thriller
3613,i_Comedy
3614,i_Documentary
3615,i_Crime
3616,i_Comedy
3617,i_Comedy
3618,i_Sci-Fi|i_Thriller
3619,i_Action|i_Adventure|i_Sci-Fi
3620,i_Comedy|i_Documentary
3621,i_Comedy
3622,i_Drama
3623,i_Comedy
3624,i_Comedy
3625,i_Drama
3626,i_Drama|i_Western
3627,i_Drama
3628,i_Comedy|i_Western
3629,i_Comedy|i_Romance
3630,i_Horror
3631,i_Drama
3632,i_Action|i_Adventure|i_Fantasy
3633,i_Sci-Fi
3634,i_Action
3635,i_Documentary
3636,i_Documentary
3637,i_Comedy
3638,i_Comedy|i_Drama
3639,i_Comedy
3640,i_Comedy|i_Romance
3641,i_Drama
3642,i_Drama
3643,i_Drama|i_Romance
3644,i_Action|i_Adventure|i_Fantasy
3645,i_Documentary
3646,i_Crime|i_Drama
3647,i_Horror
3648,i_Comedy|i_Thriller
3649,i_Drama
3650,i_Crime|i_Thriller
3651,i_Crime|i_Thriller
3652,i_Comedy|i_Drama
3653,i_Action|i_Comedy
3654,i_Comedy
3655,i_Comedy|i_Drama
3656,i_Comedy|i_Drama
3657,i_Drama
3658,i_Drama
3659,i_Drama
3660,i_Comedy
3661,i_Crime
3662,i_Horror
3663,i_Comedy|i_Romance
3664,i_Drama|i_Musical
3665,i_Comedy
3666,i_Comedy|i_Drama
3667,i_Documentary
3668,i_Drama
3669,i_Drama
3670,i_Drama
3671,i_Horror
3672,i_Horror
3673,i_Horror
3674,i_Drama|i_Fantasy
3675,i_Comedy
3676,i_Comedy
3677,i_Horror|i_Sci-Fi
3678,i_Comedy
3679,i_Comedy
3680,i_Adventure|i_Sci-Fi
3681,i_Adventure|i_Sci-Fi
3682,i_Comedy|i_Horror
3683,i_Comedy
3684,i_Horror
3685,i_Horror|i_Sci-Fi
3686,i_Horror|i_Sci-Fi|i_year
3687,i_Horror|i_Sci-Fi
3688,i_Sci-Fi
3689,i_Horror
3690,i_Drama|i_Thriller
3691,i_Sci-Fi|i_Thriller
3692,i_Horror
3693,i_Horror
3694,i_Horror
3695,i_Horror
3696,i_Horror
3697,i_Comedy
3698,i_Comedy|i_Drama
3699,i_Adventure|i_Animation|i_Children's
3700,i_Action|i_Drama|i_Thriller
3701,i_Thriller
3702,i_Comedy
3703,i_Drama
3704,i_Drama
3705,i_Drama
3706,i_Drama|i_Thriller
